0,36,16,1971-09-04 09:20:55
1,30,17,2011-08-27 19:42:38
2,63,26,2008-04-06 21:18:11
3,70,84,2003-09-08 08:12:03
4,63,7,2011-08-22 08:05:00
5,84,70,2002-02-05 22:06:54
6,5,2,2017-06-19 10:56:17
7,92,79,1976-11-05 21:53:02
8,87,29,2009-02-21 16:25:03
9,9,69,1986-06-08 04:01:17
10,19,54,2008-09-08 12:58:58
11,84,83,2019-04-13 21:10:59
12,98,38,2023-06-15 02:07:46
13,18,81,2014-07-31 06:53:37
14,27,33,2011-10-15 09:51:05
15,73,58,1989-12-22 23:35:14
16,35,18,2016-10-08 20:48:20
17,32,28,2007-03-27 10:15:31
18,91,53,1984-01-18 10:27:16
19,31,86,1972-09-16 20:28:33
20,65,99,1979-04-02 04:43:09
21,35,75,1994-07-02 23:24:57
22,28,33,2024-06-29 00:49:30
23,28,95,1971-03-30 01:08:23
24,67,77,2018-04-20 06:41:16
25,9,63,1988-04-27 02:42:51
26,69,27,1972-01-26 00:10:07
27,45,48,1998-07-26 18:17:31
28,56,71,1995-07-01 16:39:48
29,54,90,2022-09-07 05:26:42
30,92,99,1987-09-22 09:51:51
31,35,69,1989-10-12 06:19:44
32,86,43,2009-04-09 23:19:42
33,37,0,2019-12-05 04:48:25
34,0,46,2018-11-03 11:24:30
35,15,48,1994-02-06 07:34:43
36,76,63,2023-04-15 09:14:23
37,61,90,1994-11-29 07:58:23
38,71,19,1980-10-01 16:39:34
39,2,50,2010-03-14 01:17:36
40,31,13,2021-10-10 08:52:23
41,17,25,1990-07-31 00:51:22
42,35,59,2010-08-18 17:41:14
43,92,33,1985-05-25 18:16:08
44,38,7,2005-05-04 05:48:11
45,18,29,2010-10-05 17:47:38
46,45,42,2023-09-07 21:57:41
47,84,72,1983-08-25 08:24:10
48,61,14,2013-01-30 11:21:19
49,63,32,1983-10-15 12:50:29
50,50,52,1972-12-04 06:33:01
51,55,7,1995-11-16 10:20:41
52,9,59,1984-02-06 17:24:19
53,82,85,1992-04-03 13:18:54
54,2,18,2000-02-13 04:07:17
55,64,93,2001-04-05 02:46:02
56,86,53,2004-06-15 17:00:19
57,4,16,1980-03-04 23:17:02
58,28,62,2021-04-18 07:54:11
59,9,5,1974-08-29 16:19:57
60,68,3,1970-03-05 21:56:04
61,69,41,2015-02-25 13:44:06
62,8,46,1973-01-30 07:01:44
63,27,60,2007-04-22 01:29:10
64,9,74,1983-08-07 12:10:59
65,95,96,1991-01-15 11:53:05
66,39,3,1985-02-12 10:19:37
67,62,81,1982-02-25 09:59:42
68,97,30,1993-05-24 16:32:06
69,80,6,1974-03-13 01:48:25
70,82,57,1991-07-25 05:26:06
71,68,48,1973-02-27 13:46:19
72,5,66,1971-01-28 00:37:31
73,23,70,1974-11-13 16:56:16
74,30,62,2016-03-22 23:53:03
75,70,70,2004-02-04 19:23:18
76,30,7,1985-01-01 16:14:37
77,56,1,1978-07-14 21:06:51
78,96,5,1981-06-22 06:30:52
79,57,30,2002-03-05 21:07:49
80,12,85,2018-09-13 09:34:45
81,93,40,2016-03-10 15:56:21
82,68,55,2014-02-01 02:37:42
83,73,56,2021-09-13 14:14:35
84,72,30,1986-10-30 20:31:24
85,8,34,2019-12-19 12:29:50
86,48,61,1996-09-05 00:55:43
87,84,23,1989-08-18 22:55:16
88,90,37,2011-02-02 08:19:29
89,33,0,1984-06-09 22:08:53
90,28,29,2001-10-13 17:54:37
91,0,11,1996-12-29 23:03:35
92,41,8,2003-10-23 17:22:25
93,1,91,1994-11-30 14:21:41
94,57,84,2003-09-14 17:38:06
95,6,35,2008-05-22 06:44:16
96,86,34,1983-10-08 15:19:44
97,22,76,2008-01-10 22:26:24
98,32,32,2004-11-26 00:58:06
99,11,13,1997-10-06 14:15:36
100,48,67,1974-04-22 18:45:20
101,98,44,2013-09-23 23:07:29
102,79,33,1988-01-04 15:25:54
103,54,57,2000-07-06 03:55:55
104,52,52,2018-01-11 06:02:59
105,53,32,2023-05-27 14:54:50
106,13,19,2021-12-30 01:12:43
107,69,67,2007-10-26 00:54:28
108,78,74,1998-07-06 21:58:57
109,90,2,1991-08-18 05:03:41
110,23,51,2019-05-18 23:41:37
111,88,67,2018-07-19 03:56:29
112,38,4,2017-06-16 00:28:55
113,99,41,2016-03-24 21:50:26
114,95,1,1972-01-18 13:35:31
115,1,31,1994-12-08 10:16:20
116,25,9,1984-01-29 03:07:03
117,5,27,2013-12-26 21:13:53
118,76,75,1982-08-22 08:49:00
119,44,70,2006-12-09 13:44:29
120,35,53,2024-04-17 17:34:04
121,13,88,2003-07-27 22:23:32
122,88,19,1998-12-19 22:36:52
123,77,0,1994-06-11 17:13:02
124,22,75,2002-07-23 00:09:03
125,42,0,1970-01-19 13:34:53
126,34,26,2005-10-21 21:45:16
127,73,70,2021-03-05 07:39:02
128,22,91,1996-09-20 19:48:36
129,77,60,2008-05-15 14:10:39
130,62,25,1985-03-03 22:45:49
131,47,61,2010-02-24 05:24:46
132,46,69,1999-04-26 12:34:01
133,66,37,1999-09-02 06:17:36
134,32,36,2003-05-05 22:13:48
135,77,12,2020-04-06 03:26:28
136,89,6,1970-04-24 17:30:54
137,96,34,1996-07-05 17:07:28
138,66,83,2013-09-21 18:10:28
139,50,24,2014-08-11 23:09:16
140,91,7,1995-08-08 02:53:30
141,73,67,2014-09-17 15:02:12
142,2,86,2015-11-04 11:48:28
143,41,63,1986-10-12 15:44:44
144,46,68,1992-07-03 20:13:50
145,83,75,2012-02-21 14:51:25
146,7,90,1972-04-27 08:37:07
147,28,56,1997-11-06 01:23:33
148,63,93,1988-11-02 03:39:12
149,36,76,1975-12-13 04:28:33
150,2,32,1976-02-14 03:54:46
151,13,30,2006-03-05 19:01:06
152,95,73,1992-01-14 05:24:34
153,29,21,2003-05-26 12:57:05
154,52,98,1978-01-22 10:20:48
155,45,6,1976-05-15 21:57:02
156,19,15,1977-06-08 21:37:21
157,49,62,1996-04-11 09:56:17
158,22,40,2003-09-22 06:10:08
159,3,68,2022-06-01 02:13:48
160,90,24,1991-01-11 17:24:30
161,42,87,2010-02-18 05:19:44
162,83,30,1981-07-20 23:07:58
163,49,64,2010-02-27 03:08:02
164,37,34,1977-01-31 21:56:18
165,49,66,2021-09-10 01:21:35
166,83,44,1975-07-09 23:16:42
167,92,33,1995-06-16 12:58:34
168,26,75,2016-06-19 19:23:38
169,55,86,2021-01-26 11:20:17
170,44,11,1970-02-26 00:02:37
171,80,61,2017-03-19 14:14:46
172,94,3,1986-08-05 18:23:36
173,9,83,1989-12-07 08:28:13
174,86,14,2008-07-05 11:15:33
175,32,55,1973-07-30 03:40:28
176,32,97,1977-03-30 23:20:20
177,89,91,2009-03-20 20:12:32
178,48,26,2006-05-20 08:11:47
179,47,26,1980-05-13 03:16:54
180,58,8,2006-09-28 06:13:44
181,48,95,2023-05-11 23:57:51
182,15,64,1982-05-06 19:49:46
183,66,14,2000-06-11 06:05:12
184,26,22,2019-09-28 20:24:40
185,95,40,2020-03-18 14:12:23
186,20,76,1970-04-14 19:02:41
187,89,91,1990-05-21 23:53:49
188,55,53,1973-02-17 02:55:35
189,24,71,1975-01-06 16:12:18
190,63,22,2020-02-19 04:43:14
191,29,58,2023-11-27 09:59:28
192,88,92,2001-06-06 02:27:01
193,1,50,1977-08-14 03:20:35
194,33,27,2009-11-11 03:18:39
195,49,24,1976-01-16 05:22:53
196,12,15,1997-06-27 08:13:16
197,95,93,2019-02-01 04:33:12
198,26,39,1971-01-05 04:09:16
199,14,46,2024-09-05 17:05:19
200,67,28,2008-07-16 15:45:49
201,3,49,1972-07-31 01:33:48
202,17,13,1979-05-13 07:46:16
203,88,9,2000-05-06 19:50:32
204,47,27,2012-04-29 12:16:02
205,21,88,2018-02-22 15:25:35
206,87,34,1975-07-15 01:26:33
207,83,87,1998-05-07 11:35:32
208,41,91,1989-10-14 17:46:17
209,83,40,2008-08-27 04:41:01
210,70,97,1977-10-25 12:17:37
211,87,30,1982-12-10 09:12:55
212,51,52,1979-08-21 08:08:52
213,76,9,2020-07-13 10:55:20
214,30,28,1989-11-30 12:34:55
215,91,95,1999-08-20 06:22:14
216,36,52,1973-05-17 12:21:01
217,80,7,1996-09-24 06:47:30
218,50,35,2024-11-22 10:06:38
219,3,51,1976-12-09 18:37:39
220,0,14,2008-05-08 02:40:54
221,2,36,1973-01-02 16:06:06
222,2,49,2007-08-08 14:13:11
223,79,71,2022-01-06 21:26:51
224,18,62,1976-06-05 15:41:59
225,11,73,1973-05-08 16:19:02
226,52,26,1986-10-31 05:18:53
227,30,0,1974-12-05 06:37:36
228,12,84,2020-01-31 07:39:05
229,27,99,2014-07-23 02:44:31
230,26,56,1995-04-16 15:26:08
231,68,43,2017-12-02 14:15:21
232,44,93,2015-05-16 10:30:58
233,91,78,1970-09-18 08:24:25
234,55,49,1995-10-18 11:38:30
235,75,61,1998-04-29 01:15:36
236,41,19,1970-06-29 14:36:23
237,27,26,1997-05-18 02:45:17
238,50,16,2020-08-18 15:21:43
239,99,62,2022-02-16 13:17:14
240,34,84,2014-01-22 14:42:30
241,71,69,2023-06-10 01:53:50
242,5,53,1992-02-01 02:28:45
243,24,2,1998-03-23 12:05:22
244,41,22,1977-11-25 21:11:45
245,83,30,2020-08-11 04:56:01
246,40,50,2015-12-15 11:50:31
247,40,40,1982-06-10 06:33:50
248,24,98,2009-12-17 03:42:56
249,31,48,1977-05-31 22:35:10
250,49,98,2024-08-20 02:35:27
251,75,71,2012-10-12 18:10:51
252,76,31,2020-07-05 11:45:46
253,96,38,1970-07-18 20:46:43
254,23,75,1990-06-24 15:40:19
255,46,41,2004-08-17 22:02:21
256,43,75,1997-11-02 23:23:32
257,94,56,1982-06-13 12:15:13
258,44,10,1986-10-30 23:31:25
259,46,86,1994-08-18 03:50:33
260,25,4,1992-03-13 04:03:26
261,65,88,2013-02-28 23:07:37
262,12,47,1987-02-08 20:00:36
263,72,80,1971-08-20 00:19:11
264,10,35,1979-03-19 16:45:24
265,56,35,1990-01-25 09:38:19
266,9,68,1975-04-04 06:43:58
267,76,17,2009-12-14 16:04:43
268,15,8,2006-03-18 06:14:27
269,31,76,1973-10-22 15:59:28
270,16,71,1992-11-22 17:11:11
271,88,12,1975-03-08 13:17:30
272,17,96,2009-03-30 00:27:37
273,22,98,1993-10-21 15:44:17
274,17,33,2005-12-08 08:41:20
275,60,83,2018-07-17 16:44:12
276,35,31,2017-08-20 01:36:38
277,68,97,1970-03-25 19:37:42
278,37,27,1993-10-05 14:17:16
279,25,48,2003-07-30 00:06:45
280,41,32,1970-11-14 09:30:11
281,76,18,1988-01-17 17:16:01
282,29,38,1990-05-29 14:04:32
283,17,31,1992-02-07 11:45:04
284,19,71,1975-11-19 22:35:55
285,13,63,1992-12-18 06:14:21
286,78,10,2024-10-10 07:16:57
287,29,85,2016-01-09 11:39:01
288,37,20,1972-09-16 08:22:02
289,35,1,1971-10-29 17:47:27
290,10,39,1987-08-22 08:35:13
291,84,40,1999-01-01 11:11:34
292,53,17,2014-02-16 12:07:17
293,85,78,2016-12-10 08:19:12
294,67,82,1977-09-18 12:12:02
295,76,53,2000-08-09 15:55:41
296,45,38,2008-10-28 01:24:44
297,60,13,2000-03-20 09:54:19
298,88,54,1977-08-28 21:02:32
299,55,13,1990-10-13 02:26:12
300,57,33,1981-05-01 00:22:12
301,50,77,1978-12-14 20:21:47
302,72,52,1983-01-10 09:52:59
303,17,20,2005-03-16 02:04:27
304,11,29,1983-04-12 12:09:40
305,46,38,2023-11-13 00:40:39
306,37,58,2003-06-17 22:04:34
307,64,76,1972-10-26 03:28:02
308,43,35,1990-01-03 16:03:38
309,55,90,2007-10-08 07:51:47
310,63,75,1971-05-09 05:26:13
311,36,54,1971-04-14 12:37:35
312,24,92,2017-03-27 16:32:31
313,10,30,1989-06-09 12:54:03
314,82,64,2014-05-17 10:55:15
315,28,2,1998-04-15 04:25:27
316,10,75,2006-02-17 00:39:49
317,28,10,1987-12-07 10:27:16
318,85,12,2009-06-20 18:39:59
319,48,85,2018-05-18 02:38:07
320,48,15,2000-06-03 12:57:24
321,11,1,1988-04-26 09:43:23
322,20,45,2003-10-30 15:11:18
323,30,27,1989-12-04 00:25:03
324,45,24,2022-12-19 11:24:06
325,19,18,2014-06-11 04:06:45
326,63,27,2003-08-11 13:26:46
327,23,19,1992-03-25 09:13:21
328,35,87,1971-01-23 08:48:25
329,19,33,2013-01-17 20:34:20
330,9,80,1999-10-18 16:01:21
331,65,68,1986-06-21 02:16:26
332,54,95,1986-04-18 03:51:58
333,57,82,2006-08-19 23:37:09
334,7,87,1995-01-25 04:35:33
335,13,54,1988-11-15 15:48:54
336,72,74,1974-07-08 15:53:09
337,82,63,1993-10-25 05:30:01
338,24,11,1982-07-31 13:57:47
339,8,3,1999-07-19 08:46:41
340,15,43,2010-05-04 06:48:57
341,41,14,2016-07-26 04:52:08
342,20,42,1990-06-10 00:02:57
343,67,14,2007-01-18 22:31:53
344,17,43,1998-02-15 13:24:29
345,80,23,2017-04-17 04:59:45
346,18,5,1993-01-06 12:52:46
347,39,98,1983-08-16 08:52:14
348,31,36,1999-10-22 23:29:28
349,0,66,1987-03-06 08:26:46
350,68,99,1978-04-06 13:21:49
351,79,81,1970-11-23 16:57:19
352,26,23,2018-01-03 13:11:21
353,73,52,1971-08-31 13:43:36
354,16,57,2021-02-07 05:52:26
355,51,56,2004-08-08 08:02:38
356,58,40,2019-06-28 10:35:06
357,97,66,2015-08-17 10:46:29
358,93,86,1999-11-03 01:27:04
359,61,11,1988-06-11 17:27:27
360,8,54,2013-06-20 17:59:23
361,25,99,2018-11-30 03:03:24
362,82,10,1975-09-09 13:54:54
363,44,10,1996-03-03 20:52:55
364,88,50,2018-07-21 19:28:40
365,53,24,1993-05-14 05:39:58
366,63,5,1991-06-18 13:09:32
367,64,17,1990-10-23 21:41:26
368,37,73,2019-04-04 18:19:39
369,88,1,1978-11-01 03:47:03
370,7,21,2007-07-09 16:00:49
371,35,41,1997-06-08 15:33:13
372,77,32,1997-07-05 06:26:19
373,91,29,1983-05-01 13:59:46
374,42,61,2024-09-18 20:52:44
375,81,41,1982-01-26 20:18:37
376,3,96,1988-05-31 03:06:55
377,18,96,1988-08-06 19:35:15
378,28,93,2023-05-01 11:18:55
379,65,99,2009-12-01 20:10:29
380,84,51,2015-07-29 18:25:30
381,15,53,2001-04-09 03:19:07
382,56,52,2015-04-30 15:14:14
383,52,11,1970-07-19 02:30:56
384,27,39,1970-05-20 20:12:20
385,29,74,2016-10-05 10:58:30
386,81,87,2022-08-27 20:54:27
387,16,23,1995-09-09 13:28:11
388,21,25,1998-11-14 09:19:32
389,92,79,2006-01-11 14:25:27
390,5,22,1971-03-05 18:19:24
391,4,77,2017-10-07 03:38:36
392,17,35,1988-12-30 08:34:58
393,34,98,2010-08-29 03:47:28
394,52,25,1975-04-02 00:23:46
395,10,2,1990-06-11 23:39:04
396,27,68,2005-11-01 10:37:53
397,85,2,2015-06-11 04:48:37
398,41,89,2005-12-13 19:26:38
399,8,68,1991-12-24 05:36:04
400,29,78,2006-09-13 16:48:11
401,9,57,2002-12-16 06:59:28
402,61,70,2009-01-21 08:17:16
403,91,80,2008-07-17 14:33:33
404,56,72,2009-04-15 00:53:31
405,59,30,2023-01-25 17:21:24
406,99,74,1977-05-03 13:23:40
407,69,70,1973-04-05 09:37:35
408,76,82,1972-08-14 18:04:05
409,7,54,2011-01-27 08:12:51
410,52,61,1984-01-26 17:42:40
411,3,41,1970-04-21 02:56:52
412,55,87,2010-02-27 11:58:12
413,26,63,2009-10-25 09:11:43
414,11,73,1977-03-01 15:55:54
415,35,79,1997-09-26 12:27:50
416,16,90,1989-05-12 01:16:57
417,24,88,1972-02-02 07:16:41
418,95,94,1982-05-05 18:11:34
419,55,70,1984-11-27 06:47:04
420,89,47,2015-12-11 22:32:16
421,7,85,1979-10-04 18:32:55
422,50,58,1996-11-04 14:28:03
423,12,49,2024-05-02 09:06:07
424,38,7,1988-07-12 04:47:31
425,29,18,1995-11-25 00:57:43
426,73,84,1981-10-01 12:05:11
427,41,97,1984-12-08 09:43:01
428,65,7,1994-11-12 06:37:55
429,51,52,1971-12-02 04:51:53
430,30,9,1995-04-28 04:59:15
431,84,20,2003-04-17 21:24:24
432,94,69,1976-10-11 02:50:23
433,91,69,2022-10-18 15:38:44
434,12,61,2005-07-03 06:32:23
435,46,60,2014-05-07 07:06:10
436,2,20,2005-10-14 13:49:23
437,22,56,1984-01-30 11:57:39
438,89,63,1979-01-11 08:43:10
439,54,38,2004-05-08 13:25:29
440,7,59,1981-03-07 12:17:45
441,24,62,1974-11-19 15:54:12
442,16,49,2009-01-21 20:56:46
443,13,28,1997-10-21 07:01:08
444,97,63,1990-05-24 04:49:37
445,83,38,2005-11-29 10:57:50
446,15,9,2019-01-20 21:42:59
447,56,54,2017-03-04 12:22:38
448,95,48,1982-12-10 08:28:57
449,17,44,1975-02-03 13:36:06
450,2,33,2016-11-06 08:29:03
451,88,29,1991-06-08 20:20:00
452,10,18,2015-06-18 03:15:01
453,28,64,1997-09-06 10:22:32
454,6,36,1970-07-10 05:43:42
455,98,9,2022-08-17 01:08:15
456,76,54,2010-06-02 01:04:28
457,8,48,2005-11-01 05:16:59
458,71,70,1973-01-21 10:42:56
459,92,78,1974-07-25 12:21:14
460,97,14,1983-01-21 21:43:09
461,8,88,1998-03-17 20:31:07
462,92,78,2009-06-26 15:52:24
463,94,73,2021-10-09 07:21:49
464,4,51,1991-08-25 09:01:42
465,75,90,1996-07-21 22:16:36
466,84,0,2003-06-06 01:09:19
467,68,38,1995-05-22 22:45:51
468,60,91,1973-10-11 10:01:26
469,32,0,1990-03-06 01:24:32
470,36,31,1982-01-10 23:40:30
471,84,38,1984-11-21 05:56:14
472,71,12,2016-09-16 06:39:54
473,24,81,1985-12-07 03:20:23
474,57,53,1977-12-18 21:43:46
475,0,65,1978-11-16 04:12:15
476,21,12,2024-11-16 19:34:12
477,23,49,2007-05-14 10:45:03
478,70,84,1983-05-24 03:29:50
479,56,61,1983-05-20 06:25:25
480,29,8,1990-08-20 06:45:17
481,17,98,2022-01-16 05:05:37
482,78,99,1973-10-24 22:39:45
483,54,35,1989-11-06 06:02:12
484,67,71,1988-05-22 13:42:53
485,70,79,2016-02-01 23:31:29
486,60,50,2018-05-05 21:27:17
487,32,70,1992-11-23 16:15:13
488,48,85,2019-03-15 18:35:46
489,91,9,2020-09-16 18:10:19
490,75,12,2002-03-07 14:23:16
491,8,16,1992-11-10 13:22:25
492,46,8,1998-02-17 00:24:32
493,89,35,2019-04-11 14:31:12
494,51,23,1990-12-30 01:13:53
495,65,38,2009-10-28 11:39:23
496,7,66,1990-10-31 09:55:45
497,66,19,2002-05-31 10:44:59
498,24,55,2013-01-26 17:09:54
499,85,5,2017-12-19 00:25:05
500,88,26,1989-09-14 14:46:53
501,74,35,1974-11-26 11:34:24
502,93,81,2023-08-04 21:25:49
503,73,57,2020-11-22 12:59:28
504,20,88,2011-03-19 14:42:23
505,35,10,1991-12-06 22:12:49
506,7,21,1982-01-01 15:38:07
507,54,43,1992-10-01 17:14:44
508,1,9,1980-01-15 10:14:06
509,83,85,1994-12-23 06:38:44
510,91,45,1999-01-29 12:35:59
511,3,46,2017-08-25 03:56:02
512,8,73,2009-11-01 22:47:34
513,44,83,2010-06-17 21:22:53
514,43,18,2001-05-13 05:20:01
515,13,98,2020-05-15 21:55:23
516,89,95,2016-06-12 04:11:48
517,79,70,2000-06-17 15:25:17
518,16,93,2000-05-16 08:36:33
519,48,61,2007-12-22 09:18:48
520,39,93,2020-11-08 17:33:51
521,86,83,2003-01-24 22:12:13
522,27,54,1991-06-29 22:04:00
523,3,62,1997-10-16 19:21:40
524,18,77,1990-01-02 23:23:48
525,40,27,1977-07-10 16:04:50
526,25,16,2019-10-18 01:17:47
527,75,52,1972-09-11 04:56:20
528,80,97,2019-12-05 00:19:26
529,62,86,1993-01-19 00:38:13
530,94,34,1992-07-01 12:53:54
531,80,61,1977-03-20 16:47:48
532,0,98,1972-01-19 17:22:31
533,47,82,1988-12-05 02:43:10
534,53,87,2009-05-10 07:55:18
535,29,49,1985-01-02 00:01:46
536,73,89,1974-08-11 19:36:25
537,75,12,2014-04-21 19:39:02
538,34,75,1971-02-24 08:07:31
539,50,37,2018-04-28 03:52:03
540,47,51,1982-07-04 06:00:40
541,46,48,2011-01-04 00:53:28
542,74,91,1978-06-04 06:11:02
543,94,71,2021-10-01 02:58:44
544,54,42,1987-08-05 11:30:18
545,42,12,2012-02-13 21:31:28
546,22,56,1986-03-27 02:12:32
547,24,12,2000-06-26 05:32:37
548,89,21,1970-04-07 22:00:40
549,86,79,1982-08-15 19:46:31
550,45,94,1973-09-29 12:41:30
551,94,39,1986-01-28 15:18:38
552,20,10,2006-07-21 08:33:33
553,94,41,2002-09-09 13:27:39
554,78,10,2008-12-06 09:03:04
555,74,41,1972-01-05 11:07:30
556,5,41,1977-10-14 10:05:06
557,13,53,2002-09-07 23:39:58
558,48,73,1993-09-21 11:16:05
559,35,77,2009-01-23 18:53:36
560,72,4,1986-06-21 06:56:51
561,81,34,1983-04-20 18:05:47
562,85,84,2019-11-18 19:54:51
563,70,0,2020-07-23 05:50:13
564,80,66,2003-09-06 07:52:23
565,84,0,2021-12-10 09:49:17
566,64,3,1970-04-08 06:42:21
567,9,22,2013-11-20 09:53:05
568,46,58,2003-09-04 14:35:47
569,70,12,2022-08-29 10:20:08
570,51,20,2007-06-03 21:43:26
571,93,94,2001-06-19 01:29:12
572,23,47,2001-09-11 18:49:02
573,20,8,2001-06-07 17:02:08
574,3,59,1996-03-06 20:59:40
575,79,10,1973-07-01 12:01:22
576,98,59,2009-09-20 14:13:38
577,10,14,2008-11-26 02:40:04
578,19,84,1999-11-28 07:19:23
579,20,93,2008-08-22 02:15:08
580,4,15,1972-12-24 07:00:15
581,55,47,1993-04-28 07:00:44
582,15,47,1998-04-02 16:08:49
583,63,78,1976-12-19 09:49:44
584,7,24,1978-07-02 11:14:20
585,22,58,1970-09-23 14:06:20
586,63,53,2006-10-14 03:37:12
587,17,76,2012-10-10 22:24:10
588,2,93,1979-07-12 22:45:19
589,89,92,2016-07-28 00:21:36
590,51,14,1978-06-16 22:49:05
591,64,68,1985-08-28 23:34:50
592,90,31,2010-08-17 22:38:34
593,3,14,2015-04-01 08:26:33
594,98,10,1972-08-31 11:08:49
595,98,83,2011-09-17 03:11:15
596,41,24,1994-10-30 15:23:57
597,14,40,1978-09-23 14:20:36
598,40,28,2010-01-06 07:29:09
599,6,87,2005-09-09 16:03:32
600,69,62,1976-11-17 16:59:58
601,74,16,2015-01-18 20:36:35
602,87,75,1992-04-24 18:54:50
603,61,19,2004-07-16 04:00:01
604,22,62,2013-08-26 10:11:11
605,44,17,1973-01-04 03:04:04
606,88,21,2017-03-05 02:32:14
607,35,44,1993-02-06 06:02:09
608,31,34,2009-10-01 18:42:03
609,52,36,2014-01-03 15:42:42
610,40,79,1971-02-27 18:37:58
611,93,84,2002-06-07 00:29:33
612,37,19,2016-04-26 20:37:06
613,33,24,1971-02-08 14:51:20
614,62,98,1990-12-16 05:33:02
615,92,96,2002-05-01 22:11:16
616,1,12,1995-03-08 06:05:08
617,93,31,2011-06-13 19:43:51
618,82,71,1986-04-29 10:31:50
619,49,24,2014-08-10 12:16:03
620,99,49,1976-07-16 20:22:30
621,22,32,1976-10-12 03:03:56
622,36,21,2008-02-09 20:17:08
623,17,73,2020-03-22 12:33:51
624,58,52,1996-01-27 08:34:27
625,53,29,2008-04-04 02:27:07
626,10,93,1976-05-05 05:51:46
627,54,40,1990-12-01 08:50:46
628,63,53,2021-03-31 19:58:55
629,52,44,1997-05-31 19:36:29
630,60,50,1986-12-07 00:52:23
631,4,14,1989-03-06 07:01:41
632,41,67,1973-08-25 21:46:50
633,40,38,1992-04-02 07:21:54
634,62,9,2011-11-09 02:31:19
635,73,16,1972-04-11 08:28:28
636,78,90,1977-02-10 18:49:30
637,50,31,1970-02-28 02:24:14
638,37,29,1991-03-30 16:41:33
639,12,93,1996-04-19 00:43:40
640,53,35,1974-05-04 02:02:25
641,99,89,1971-01-10 18:20:20
642,28,36,2007-10-01 22:04:37
643,2,9,2018-08-08 02:38:27
644,65,75,1988-02-08 15:25:00
645,19,28,1983-11-10 00:41:08
646,30,36,2023-02-28 11:24:56
647,8,10,1985-02-07 05:13:52
648,59,8,1971-07-29 12:59:23
649,62,96,1978-11-08 00:55:02
650,96,45,2024-05-08 18:07:16
651,54,48,2014-02-17 21:19:34
652,42,99,2001-08-12 01:36:23
653,17,78,2013-10-25 13:51:09
654,77,0,2021-12-28 03:02:04
655,25,55,1984-10-17 20:40:41
656,97,83,1975-01-10 23:27:34
657,35,66,2023-11-28 17:35:26
658,14,77,1990-07-02 10:33:42
659,59,86,1996-03-10 06:03:19
660,90,24,1995-11-22 01:11:47
661,31,13,1997-10-08 08:39:57
662,6,8,1991-09-25 10:35:04
663,42,39,2016-05-16 05:50:23
664,21,16,2012-04-06 08:20:13
665,3,30,2012-10-15 02:37:07
666,89,82,2014-09-14 15:16:27
667,11,37,1972-06-06 12:06:08
668,29,22,1999-09-02 12:06:31
669,81,73,1998-05-25 02:01:51
670,87,42,2013-10-05 02:32:36
671,15,60,2010-07-20 04:05:08
672,9,84,1995-09-19 21:51:01
673,82,60,2020-05-27 08:32:38
674,77,6,1977-04-29 06:43:22
675,21,60,2017-05-04 08:37:43
676,52,98,2021-07-09 12:26:44
677,33,27,2017-10-07 21:54:35
678,53,39,1981-08-12 00:24:11
679,10,12,2000-12-25 03:06:45
680,81,2,1989-09-11 06:13:31
681,89,20,2013-06-14 03:44:22
682,16,49,1980-04-27 11:32:53
683,29,89,1977-08-30 19:49:56
684,49,19,1983-03-11 08:40:46
685,20,62,1995-06-06 05:03:54
686,72,79,1977-02-14 05:03:52
687,2,97,2017-10-29 00:51:34
688,49,3,1997-10-10 04:56:39
689,34,32,1992-03-31 05:27:49
690,98,91,2004-10-19 21:58:41
691,69,71,1976-01-15 19:52:38
692,26,45,2020-02-14 15:47:27
693,85,8,1993-08-11 18:43:45
694,4,31,2004-02-25 12:40:37
695,82,87,1997-08-13 09:47:26
696,96,11,2011-03-16 13:03:21
697,83,8,2004-10-19 18:04:13
698,9,79,1990-10-05 09:48:40
699,4,49,1971-11-21 07:08:40
700,73,65,1996-11-09 00:02:39
701,52,12,1993-07-22 08:15:49
702,27,84,2024-08-06 08:20:15
703,96,63,2022-10-30 05:43:49
704,22,4,1974-09-05 15:19:58
705,24,70,1979-04-24 01:17:09
706,71,34,2009-05-26 05:36:11
707,56,29,1982-08-16 05:37:46
708,50,61,1978-03-27 07:01:30
709,34,34,2020-07-12 09:41:49
710,83,53,1974-10-08 15:52:38
711,80,83,2008-02-21 08:09:46
712,65,48,1995-04-09 19:58:30
713,78,12,1976-09-01 17:20:49
714,18,81,1989-11-05 22:47:20
715,28,56,2023-11-27 20:20:45
716,75,86,1983-02-05 05:31:49
717,26,63,1982-11-12 14:53:50
718,79,25,1983-05-21 22:31:10
719,34,55,1987-03-02 02:47:48
720,69,69,2021-02-10 21:52:05
721,30,32,2009-01-06 01:44:55
722,61,79,2011-12-02 00:07:37
723,17,84,2021-12-12 05:08:56
724,87,62,1986-10-29 17:18:54
725,3,82,1992-07-18 07:27:37
726,9,80,2002-09-18 16:35:19
727,51,23,2001-11-23 00:45:45
728,4,4,1999-12-28 16:20:57
729,91,28,1985-03-09 09:27:16
730,79,69,2018-09-11 23:13:46
731,82,97,1985-11-20 09:12:46
732,89,51,1970-05-16 09:36:40
733,82,30,2002-02-26 05:08:26
734,27,65,2022-12-12 02:44:41
735,69,88,2004-10-15 18:16:49
736,89,91,1996-02-22 09:03:56
737,81,94,1993-12-30 19:31:08
738,67,62,1975-08-14 20:18:08
739,4,63,1986-10-11 01:56:38
740,15,25,2005-01-29 02:06:51
741,59,16,1990-04-21 03:51:05
742,85,14,2009-11-09 13:25:18
743,93,90,2014-12-07 14:26:42
744,85,69,2007-10-31 13:55:18
745,95,7,2015-07-17 21:55:12
746,42,5,1989-02-11 19:37:55
747,17,83,2010-01-02 16:10:33
748,8,65,1991-04-10 04:52:31
749,99,48,2005-08-29 20:02:06
750,59,73,2011-09-15 01:48:57
751,74,36,1974-12-19 16:48:20
752,13,60,1994-05-15 15:01:56
753,95,27,2024-02-02 19:17:17
754,96,2,1976-08-24 12:51:35
755,65,48,2005-02-11 23:45:53
756,74,24,2008-12-05 05:08:50
757,42,54,2001-01-16 17:45:43
758,43,34,1997-01-22 00:13:32
759,95,61,2022-07-07 08:39:19
760,93,10,1999-06-18 10:55:04
761,70,93,1987-05-21 00:03:47
762,95,24,1982-12-22 18:31:56
763,16,19,2014-03-11 04:36:07
764,46,81,2003-02-05 21:07:24
765,87,45,2022-02-11 11:21:53
766,58,32,1990-05-16 20:26:13
767,96,6,2000-02-22 07:33:02
768,41,45,2010-09-02 00:17:42
769,31,45,1971-03-08 19:07:02
770,81,17,1984-10-23 20:26:40
771,9,44,1999-01-14 07:46:33
772,21,93,1983-02-02 21:44:44
773,10,49,2009-03-02 08:19:52
774,41,33,2009-02-26 06:57:39
775,44,23,1996-03-19 10:12:48
776,86,95,1970-02-16 15:56:44
777,72,90,2020-08-03 16:50:05
778,19,12,1973-01-15 20:31:38
779,60,2,1985-06-12 19:40:35
780,64,28,2018-04-06 02:53:35
781,59,94,1993-04-23 03:29:29
782,45,55,2007-08-04 15:45:47
783,44,41,2023-11-10 12:39:26
784,75,99,1985-08-25 23:21:44
785,8,35,1991-01-26 18:20:24
786,96,84,1978-12-27 10:14:01
787,0,26,2021-07-29 09:47:22
788,43,36,2015-11-08 02:42:40
789,58,17,1980-12-11 04:12:52
790,15,95,2004-08-12 23:10:16
791,90,86,2009-02-11 01:09:06
792,64,96,1975-12-05 04:33:33
793,19,49,1997-08-30 16:51:09
794,50,5,2001-02-27 15:59:25
795,84,74,1990-05-15 02:26:36
796,48,13,1982-02-07 20:58:50
797,26,71,1994-02-09 07:18:18
798,51,78,2013-09-14 23:12:04
799,16,91,2005-02-13 12:20:55
800,96,36,1995-06-21 11:37:44
801,78,53,2005-08-18 19:28:18
802,97,54,1987-09-22 15:12:52
803,43,83,2008-06-12 15:15:19
804,2,52,1972-05-12 00:31:43
805,36,75,2000-12-01 18:52:07
806,88,53,2018-11-03 02:23:40
807,30,16,1977-11-08 16:14:41
808,95,31,2021-01-27 14:10:16
809,50,16,1987-08-01 01:10:01
810,72,67,2017-10-31 07:41:11
811,60,94,1982-12-01 08:53:27
812,34,39,1984-03-02 10:57:40
813,28,64,1994-08-21 00:12:05
814,83,99,1986-01-05 06:51:27
815,5,93,2011-10-17 05:36:42
816,38,39,2010-09-30 12:08:30
817,62,68,1990-03-03 15:29:00
818,70,50,1998-06-25 17:14:21
819,45,15,1970-01-16 21:32:53
820,94,16,1993-06-11 18:09:46
821,12,85,1976-05-15 23:12:57
822,27,34,2019-05-20 06:19:16
823,55,76,2003-04-25 03:46:55
824,4,81,1997-11-15 08:11:06
825,1,93,1995-05-07 18:34:08
826,11,58,2017-06-16 01:00:51
827,36,24,1992-08-10 13:11:11
828,59,50,2003-09-19 07:19:15
829,1,32,1994-11-11 23:19:10
830,15,61,1992-02-08 01:02:26
831,77,37,2021-04-18 08:24:35
832,79,25,2008-11-05 08:14:32
833,28,77,1974-04-13 14:49:29
834,24,43,1987-08-20 23:46:01
835,1,28,2002-04-11 17:34:58
836,52,55,1992-11-24 20:26:43
837,66,93,1979-03-03 09:06:27
838,63,97,1979-07-27 22:51:07
839,9,81,2005-05-03 03:27:51
840,88,74,1987-04-11 14:13:42
841,88,25,2020-01-10 17:01:37
842,44,41,1989-04-06 01:34:59
843,10,52,2006-05-26 11:50:01
844,11,64,2013-10-05 22:55:08
845,52,29,1987-03-28 13:36:14
846,20,17,1986-01-26 02:11:02
847,23,12,1985-10-26 09:38:10
848,36,32,1972-08-11 07:39:09
849,71,12,2023-07-15 23:35:46
850,52,36,2011-10-07 22:12:10
851,78,41,2023-01-14 16:30:26
852,13,8,1997-02-04 23:45:50
853,92,9,2006-06-07 05:25:22
854,21,84,1971-06-18 04:45:05
855,85,61,2011-11-20 12:28:16
856,28,23,1999-03-10 18:27:33
857,54,36,2010-08-25 01:59:05
858,49,55,2003-02-17 04:52:09
859,10,17,1989-04-15 06:52:45
860,8,14,2000-08-28 19:14:49
861,56,91,1989-05-14 00:12:00
862,58,80,2010-02-21 05:08:56
863,41,70,1986-01-07 02:28:28
864,32,21,2002-05-18 06:01:26
865,1,55,1976-12-10 12:32:34
866,90,83,1981-05-05 04:56:43
867,29,87,1971-05-12 12:44:36
868,63,60,2006-07-16 18:36:48
869,84,81,1995-03-20 20:48:27
870,44,64,2012-11-11 10:27:44
871,74,93,2009-06-21 10:38:11
872,87,58,2022-11-29 14:42:12
873,40,82,1988-11-20 17:12:19
874,28,94,1972-11-24 00:12:04
875,96,68,2011-12-16 13:24:04
876,42,11,1981-01-26 16:00:19
877,56,40,1979-04-05 03:22:49
878,79,68,1999-09-23 09:16:05
879,58,92,2024-05-20 18:28:19
880,85,10,2014-02-19 11:35:53
881,16,60,1979-12-23 20:01:57
882,8,54,1988-12-31 23:50:55
883,59,6,2007-01-13 15:22:32
884,42,64,1998-04-12 12:01:59
885,5,65,1989-03-02 17:53:28
886,98,91,2008-10-06 17:35:57
887,84,95,2024-04-25 21:48:15
888,35,72,2018-12-09 16:25:42
889,94,87,1970-07-19 08:38:11
890,72,17,1987-03-17 20:25:43
891,85,18,2019-06-22 11:43:28
892,36,57,1999-12-27 18:10:42
893,76,63,1990-05-21 12:01:51
894,1,63,1978-04-11 01:46:44
895,16,22,1977-11-30 11:19:06
896,6,31,1997-12-13 04:26:04
897,4,25,1995-10-15 12:56:36
898,91,25,1975-03-31 15:31:46
899,64,27,1989-08-13 00:24:20
900,68,65,2011-04-28 23:47:51
901,69,26,2011-11-26 14:03:51
902,94,51,2016-05-14 20:39:38
903,18,94,1975-08-09 22:20:42
904,83,15,2011-07-18 09:25:25
905,55,74,1986-03-20 05:05:28
906,39,72,1970-09-29 11:01:22
907,12,58,2016-02-14 21:03:52
908,74,63,1993-12-15 16:01:06
909,78,52,1973-12-01 11:34:11
910,5,24,2004-07-15 13:14:20
911,15,68,1973-02-12 18:57:41
912,19,46,1993-01-31 07:35:25
913,24,3,2017-12-20 15:47:53
914,26,34,1979-12-14 15:24:58
915,13,19,1994-02-24 04:17:27
916,15,3,1970-09-30 17:33:29
917,82,76,1975-05-17 11:45:47
918,35,94,1988-08-07 06:14:36
919,55,73,2002-07-06 19:21:03
920,40,18,1995-05-30 00:54:11
921,13,78,2005-01-27 10:43:07
922,27,26,2007-08-23 09:15:12
923,81,23,1978-07-06 06:19:36
924,73,86,1989-12-02 20:16:59
925,18,18,1989-08-15 07:03:34
926,94,78,1974-01-18 17:50:41
927,24,27,2018-04-28 23:35:31
928,22,48,2017-07-25 19:06:22
929,82,98,1987-11-08 16:38:03
930,38,71,1984-11-28 22:32:05
931,4,19,1979-01-28 14:26:22
932,25,87,1995-09-18 15:09:23
933,3,74,2001-02-22 03:34:20
934,11,54,1977-06-20 08:02:31
935,90,71,2013-03-09 10:22:52
936,5,47,1998-04-15 18:08:56
937,30,15,1976-07-07 12:01:30
938,71,59,1978-11-17 07:14:17
939,19,70,1999-04-23 10:17:13
940,58,93,1988-06-24 11:00:37
941,71,90,1974-02-22 04:46:32
942,76,42,1997-08-20 20:08:13
943,76,42,1982-10-25 05:50:48
944,45,44,2007-01-02 17:37:51
945,52,60,1984-03-13 00:36:25
946,58,83,1995-02-04 12:11:13
947,76,51,1996-12-31 07:38:03
948,24,18,1996-12-16 14:21:14
949,28,30,1983-05-05 23:20:55
950,39,1,1974-02-05 10:14:21
951,54,70,2001-10-08 16:02:24
952,13,93,1993-04-14 15:53:40
953,5,81,1989-08-28 21:29:25
954,79,26,1982-11-04 04:57:35
955,28,11,2014-04-19 09:53:54
956,35,81,2006-07-04 23:39:21
957,2,98,1975-04-05 19:47:28
958,7,17,1991-02-28 22:05:37
959,50,91,1976-11-03 12:52:46
960,55,29,2001-11-19 06:04:22
961,5,22,2005-05-24 08:40:57
962,80,86,2022-02-06 18:52:34
963,38,79,2009-08-29 17:26:04
964,98,81,1982-09-15 02:41:31
965,32,30,1972-01-07 18:14:35
966,70,47,2000-10-30 10:18:49
967,3,14,1974-02-04 00:44:55
968,75,82,1992-05-07 22:09:20
969,12,64,1995-07-02 20:51:08
970,63,49,1996-07-04 03:42:06
971,32,34,1995-12-04 23:37:48
972,25,72,1970-07-29 23:11:40
973,63,17,2015-01-17 00:50:23
974,50,34,2014-04-30 11:39:17
975,38,67,1988-12-25 04:38:28
976,91,78,1979-02-19 23:20:02
977,49,65,2020-03-12 14:03:09
978,8,75,1974-01-25 09:39:52
979,86,47,2002-02-22 11:02:58
980,37,28,1977-02-23 17:21:43
981,57,69,1981-06-23 11:07:08
982,87,77,2006-03-01 14:52:22
983,18,20,2024-09-09 11:18:51
984,44,93,1992-12-22 07:40:40
985,3,63,2002-09-02 07:25:07
986,24,99,1975-01-30 07:50:03
987,81,22,2009-08-26 12:18:02
988,28,53,2014-02-15 06:05:46
989,89,19,2003-07-24 23:17:40
990,3,82,1997-03-23 15:22:50
991,20,27,2011-01-16 20:25:04
992,67,9,2024-01-07 05:20:18
993,50,7,2007-09-23 17:07:10
994,74,3,1981-07-14 08:49:18
995,65,61,1990-10-09 01:14:57
996,37,70,2007-04-15 14:01:19
997,61,15,2012-09-07 13:07:19
998,74,2,1971-09-03 11:01:24
999,25,77,1993-07-11 18:23:07
1000,7,23,2021-09-16 09:06:06
1001,67,73,2015-07-05 16:30:43
1002,57,76,1975-01-03 13:49:08
1003,91,66,1991-10-24 13:31:00
1004,40,64,2018-06-19 05:55:22
1005,84,45,1993-04-06 06:02:23
1006,87,34,2010-12-19 07:17:16
1007,47,56,2007-12-09 09:31:17
1008,26,86,1999-09-08 01:35:08
1009,4,42,1994-11-11 20:28:16
1010,84,53,1976-06-08 20:56:02
1011,83,82,2023-01-20 03:32:35
1012,90,98,2019-01-02 06:48:13
1013,25,16,2013-08-23 11:31:15
1014,61,70,2019-07-10 22:01:56
1015,57,38,2022-07-23 19:19:52
1016,71,45,2007-01-04 06:38:34
1017,22,4,1985-10-11 03:31:44
1018,90,97,2023-10-10 16:53:40
1019,36,91,1992-11-28 15:19:05
1020,10,58,1979-04-11 21:15:08
1021,54,98,2004-04-12 22:18:00
1022,11,24,1974-08-15 10:42:47
1023,65,22,1974-11-04 09:51:31
1024,34,50,2022-04-27 05:26:47
1025,93,26,2004-04-04 23:39:42
1026,67,10,1992-04-05 13:17:08
1027,15,85,1970-07-22 12:54:32
1028,74,99,1981-02-24 11:57:38
1029,19,1,1978-09-12 05:35:31
1030,19,23,1989-11-23 18:44:04
1031,23,27,2009-01-02 07:17:35
1032,77,96,1972-10-08 09:49:06
1033,76,22,1992-03-17 15:57:23
1034,41,52,2004-11-01 05:40:22
1035,75,88,2019-07-25 07:04:20
1036,97,66,1982-01-01 02:17:49
1037,96,82,2018-07-25 10:15:22
1038,72,40,2005-03-09 12:34:11
1039,37,18,1996-08-09 01:53:58
1040,85,58,1977-12-27 16:54:55
1041,22,33,2022-05-17 23:56:09
1042,97,20,2020-07-17 03:57:15
1043,81,47,1999-12-01 13:15:22
1044,39,30,1972-12-27 17:54:00
1045,57,49,2019-12-06 15:04:05
1046,80,1,1990-12-08 20:30:36
1047,24,64,2014-01-18 03:20:31
1048,11,76,1986-08-21 05:30:28
1049,44,29,1982-05-30 21:22:50
1050,33,11,1992-11-30 09:40:55
1051,21,74,2013-10-31 22:04:35
1052,75,10,1976-07-29 01:45:46
1053,9,91,2014-01-09 17:11:50
1054,71,8,2009-01-28 14:17:42
1055,27,51,1986-11-28 07:50:57
1056,70,46,2015-06-10 19:38:50
1057,13,10,2011-11-22 04:56:30
1058,65,93,1992-07-26 19:00:14
1059,69,42,2010-08-01 06:09:31
1060,54,75,1996-05-22 11:19:58
1061,29,59,1973-01-15 20:19:31
1062,8,94,1975-04-11 10:43:31
1063,3,56,2010-10-17 06:44:36
1064,84,44,2016-06-12 16:23:49
1065,15,85,1989-05-08 19:51:02
1066,14,86,2024-01-28 04:53:21
1067,9,18,2015-02-05 21:52:42
1068,24,28,2006-03-22 22:29:25
1069,5,82,2022-10-14 16:09:17
1070,62,97,1977-12-29 16:23:34
1071,25,25,2000-11-24 12:11:55
1072,31,73,1979-11-25 02:33:20
1073,95,27,2017-12-08 10:38:16
1074,31,24,2016-04-01 21:02:42
1075,22,26,1975-05-04 05:34:55
1076,30,20,2001-10-29 17:09:46
1077,14,85,2020-02-06 20:53:50
1078,68,39,2001-04-26 00:30:55
1079,45,18,2023-11-26 03:37:41
1080,23,21,1987-01-21 01:52:14
1081,33,82,2012-04-05 05:11:38
1082,37,69,1990-09-09 12:55:28
1083,29,18,1982-03-28 05:54:12
1084,2,7,2000-10-03 19:50:12
1085,21,63,2014-10-01 16:42:23
1086,83,82,1978-08-14 18:40:51
1087,15,42,1995-03-24 02:04:25
1088,55,24,1975-09-13 16:04:27
1089,34,24,1980-10-07 10:45:22
1090,70,63,1974-11-17 22:25:13
1091,59,73,2001-09-23 16:40:20
1092,87,37,1972-03-03 22:15:40
1093,50,45,1971-11-13 01:31:36
1094,35,28,1983-09-12 18:49:56
1095,93,86,1975-09-05 15:48:16
1096,30,19,1996-03-05 12:40:29
1097,83,57,1978-04-11 19:20:33
1098,9,76,2023-11-15 01:03:25
1099,48,38,2010-03-25 16:18:06
1100,70,33,2013-03-21 13:40:08
1101,75,93,2013-12-03 08:36:55
1102,78,69,2003-08-21 05:10:48
1103,55,93,2003-06-28 13:40:09
1104,93,73,2021-03-21 22:37:41
1105,96,83,1981-10-20 03:08:09
1106,90,29,2002-05-10 06:34:20
1107,7,12,2017-04-07 09:44:31
1108,76,40,2019-03-31 14:06:09
1109,21,15,1999-04-24 22:24:56
1110,9,61,1980-07-24 08:56:20
1111,50,22,2013-06-14 16:53:29
1112,6,92,2005-10-05 00:32:40
1113,29,64,1982-04-27 09:43:44
1114,10,79,1997-11-19 11:11:31
1115,88,95,2015-02-07 14:09:14
1116,22,21,1992-06-30 03:46:18
1117,35,45,1999-06-13 05:40:58
1118,29,36,1981-09-28 12:22:27
1119,98,67,2008-04-15 20:52:56
1120,77,54,1976-04-27 21:29:14
1121,89,31,1982-01-05 18:04:03
1122,25,67,1991-07-02 22:32:13
1123,37,2,2015-09-26 15:02:31
1124,78,52,2024-08-02 04:33:19
1125,26,36,1992-02-28 07:32:52
1126,95,76,2001-12-02 10:27:26
1127,23,79,1986-12-05 17:37:03
1128,64,2,1975-06-26 04:40:25
1129,80,71,2011-07-29 14:20:39
1130,68,91,1999-03-21 04:09:58
1131,7,35,2016-12-07 18:06:00
1132,92,41,1972-06-09 09:13:32
1133,2,61,2017-06-10 21:00:26
1134,87,50,2013-12-09 18:10:24
1135,92,51,1985-01-06 07:14:59
1136,52,91,2011-07-15 23:07:25
1137,47,18,1998-04-18 16:10:26
1138,97,38,1994-12-18 21:31:36
1139,46,9,1995-06-18 17:05:42
1140,20,93,1975-01-10 05:29:44
1141,82,46,2011-02-18 01:06:18
1142,66,29,2016-07-11 16:47:55
1143,48,5,1977-03-09 07:23:30
1144,91,27,2024-08-29 00:02:37
1145,18,48,1981-03-01 12:29:04
1146,27,14,2003-05-27 11:23:22
1147,89,93,1986-03-29 12:28:24
1148,24,50,1982-06-05 10:13:57
1149,0,48,2004-04-29 22:11:41
1150,7,77,2012-11-28 04:59:42
1151,3,12,2002-01-03 01:46:08
1152,93,22,2008-05-30 20:13:14
1153,73,88,2022-04-21 14:29:52
1154,59,2,1982-08-18 10:16:12
1155,33,60,2022-03-07 01:30:53
1156,65,34,2005-09-20 21:57:26
1157,94,27,1993-12-17 00:54:45
1158,78,53,2004-11-16 00:57:36
1159,9,11,2019-06-08 11:12:29
1160,72,66,1975-08-16 08:22:50
1161,54,81,1995-04-06 02:19:52
1162,66,66,1985-06-25 03:24:49
1163,7,8,2000-02-15 07:03:35
1164,49,97,2001-12-25 04:09:11
1165,65,38,2011-08-20 02:01:21
1166,38,82,1982-01-14 02:43:50
1167,99,16,2014-12-07 13:10:45
1168,92,4,2020-09-14 12:11:42
1169,19,99,2017-06-02 06:51:29
1170,20,37,1972-12-15 20:27:48
1171,41,72,1996-10-11 22:00:03
1172,54,20,1972-06-27 18:29:07
1173,20,55,1974-07-18 12:51:49
1174,79,42,2006-03-06 21:48:37
1175,60,72,2013-08-21 09:53:00
1176,94,43,2005-04-20 08:54:45
1177,88,20,1979-09-25 18:24:48
1178,0,62,1982-04-22 01:30:49
1179,30,0,2017-04-05 16:52:49
1180,95,40,1983-06-02 16:08:36
1181,63,69,2009-01-20 16:50:48
1182,64,36,2017-06-03 03:21:14
1183,77,24,1974-04-24 12:35:29
1184,26,33,1984-03-14 10:16:22
1185,16,69,1970-02-25 11:52:34
1186,33,12,2002-09-04 03:12:57
1187,55,76,2009-11-17 07:38:24
1188,41,65,2011-10-14 06:57:29
1189,87,25,2024-09-13 12:51:23
1190,2,64,2022-08-01 09:00:22
1191,97,90,1987-10-16 00:45:26
1192,35,13,1990-06-10 16:13:03
1193,90,50,1970-07-06 21:36:29
1194,66,97,1996-08-05 11:40:04
1195,10,21,1986-10-25 20:26:09
1196,29,19,1991-07-12 04:15:17
1197,66,48,1985-10-11 13:31:23
1198,51,99,1999-03-15 16:25:54
1199,40,45,1986-10-15 05:59:36
1200,83,36,1989-12-03 09:42:11
1201,47,20,1971-11-30 16:25:26
1202,8,50,2000-10-07 00:42:04
1203,28,30,1993-01-29 04:00:06
1204,72,15,1980-02-18 20:26:17
1205,46,22,1994-08-16 00:58:34
1206,82,74,1985-11-04 21:10:17
1207,51,85,1986-09-05 08:42:37
1208,30,63,1972-11-27 06:44:22
1209,54,84,1973-11-30 00:02:57
1210,43,90,2004-03-11 21:57:34
1211,7,96,1995-04-25 06:14:43
1212,86,12,1988-02-17 16:05:29
1213,92,81,1970-03-08 12:22:30
1214,96,78,2018-03-20 22:24:54
1215,1,37,2000-06-12 20:05:53
1216,96,58,1984-03-20 21:54:30
1217,7,47,1996-08-24 13:00:58
1218,70,48,1976-10-12 23:59:52
1219,14,54,2024-08-21 12:49:24
1220,85,11,1985-08-14 14:47:42
1221,18,71,2023-07-03 21:28:46
1222,48,81,1984-10-09 03:56:43
1223,2,92,2022-08-10 19:42:40
1224,79,34,1975-02-18 02:47:28
1225,72,17,1989-03-26 09:50:42
1226,34,93,1981-01-21 01:39:16
1227,4,9,1995-11-21 11:28:00
1228,31,8,1984-04-12 12:36:10
1229,49,98,2000-04-06 02:27:54
1230,2,3,2020-08-11 21:39:37
1231,48,33,1984-07-23 13:16:55
1232,8,73,1977-01-25 02:16:16
1233,73,68,1987-05-30 20:13:42
1234,12,59,1999-06-24 18:46:50
1235,41,26,2006-07-16 09:04:13
1236,48,42,1972-05-02 05:12:08
1237,55,0,1998-11-04 15:25:55
1238,94,65,2004-04-26 11:41:12
1239,77,79,2022-08-02 10:41:57
1240,1,6,1970-08-14 05:19:40
1241,29,36,2012-11-12 03:36:48
1242,27,2,1991-01-02 18:17:32
1243,14,87,1985-03-03 23:14:51
1244,54,79,2022-04-25 15:54:48
1245,31,38,2008-04-08 16:54:01
1246,47,63,1996-11-10 14:10:20
1247,74,85,2013-06-16 07:32:50
1248,46,91,1970-10-31 19:16:39
1249,95,3,1974-11-01 09:28:04
1250,77,98,1988-04-08 15:17:17
1251,74,36,1999-07-25 22:41:59
1252,66,83,1980-12-13 09:59:54
1253,57,52,1997-02-28 01:55:09
1254,38,79,1987-12-23 22:56:37
1255,2,33,2024-06-23 08:52:48
1256,91,46,2022-08-06 06:25:47
1257,23,42,1992-10-15 20:02:19
1258,59,45,2000-05-19 16:58:27
1259,70,87,1999-06-28 00:27:55
1260,23,97,2018-08-06 05:32:19
1261,99,62,2022-09-06 20:26:42
1262,44,37,1982-08-28 22:37:32
1263,24,73,2008-04-15 07:18:41
1264,61,22,1998-06-18 07:57:43
1265,2,97,2013-12-29 11:30:56
1266,0,60,1980-10-18 17:12:24
1267,31,68,1986-04-01 11:16:28
1268,57,60,2020-06-27 06:19:05
1269,77,50,1978-12-30 02:24:47
1270,88,52,2021-08-05 15:02:30
1271,8,66,1971-04-17 05:01:06
1272,68,46,1987-04-21 11:56:43
1273,66,64,1992-06-24 03:51:55
1274,20,54,1992-05-06 16:57:24
1275,31,92,1975-10-25 01:12:45
1276,56,3,2014-01-12 11:27:45
1277,12,80,1995-02-05 03:16:34
1278,5,40,1997-06-29 09:42:40
1279,93,13,2009-10-18 06:39:12
1280,21,81,2017-10-04 10:34:40
1281,11,53,2007-06-28 18:54:37
1282,54,14,1998-12-22 18:23:30
1283,48,23,1996-12-16 22:09:21
1284,9,54,1992-02-11 04:02:51
1285,74,53,1979-12-27 01:12:55
1286,40,28,1996-02-02 20:21:22
1287,64,51,1983-08-29 23:27:30
1288,12,24,1991-08-20 00:42:01
1289,0,62,2017-11-21 09:57:07
1290,48,53,2015-10-28 14:50:21
1291,50,65,2003-03-06 16:14:14
1292,55,16,2000-09-17 21:13:27
1293,41,34,1981-02-26 01:20:29
1294,86,73,2007-05-23 06:59:56
1295,94,29,2014-07-10 14:11:15
1296,98,22,1975-02-05 14:17:24
1297,48,23,2002-03-11 17:19:47
1298,22,26,1990-10-26 15:32:50
1299,94,84,1996-06-15 21:42:27
1300,19,20,2013-04-10 17:41:46
1301,6,20,1983-10-07 02:57:26
1302,14,8,1990-01-19 06:44:49
1303,44,59,1981-10-12 10:18:16
1304,65,10,1999-12-16 19:43:27
1305,73,26,1998-09-18 09:53:17
1306,51,48,1978-08-27 03:07:05
1307,76,66,2011-10-02 23:12:16
1308,48,13,1982-08-28 14:12:40
1309,29,62,1999-09-26 03:44:42
1310,49,3,1987-01-14 04:34:48
1311,20,52,2018-11-26 11:32:05
1312,69,61,1982-01-12 10:44:55
1313,14,68,2004-07-12 02:01:01
1314,86,32,1999-10-14 20:54:12
1315,66,54,2012-02-29 07:17:42
1316,38,89,1979-06-12 03:20:35
1317,37,68,1997-05-13 16:48:53
1318,49,3,1989-04-11 02:06:49
1319,97,66,1972-05-28 12:28:39
1320,75,65,1987-02-28 16:18:20
1321,29,7,2018-11-07 20:57:09
1322,59,99,2007-03-14 09:18:48
1323,11,75,2010-04-05 12:19:47
1324,72,46,1972-12-21 17:54:56
1325,99,66,2018-11-04 04:13:43
1326,73,20,1984-12-20 01:08:40
1327,30,86,1999-04-08 14:58:02
1328,40,33,1972-06-24 01:17:38
1329,31,78,2023-09-29 18:08:47
1330,66,39,1974-06-17 17:57:19
1331,97,31,2010-06-21 06:11:22
1332,40,23,1997-06-01 01:44:15
1333,40,9,1987-08-14 04:13:24
1334,82,38,2017-06-29 22:13:09
1335,41,95,1976-02-07 10:39:14
1336,68,41,1972-01-22 10:55:32
1337,75,68,1989-11-24 19:14:59
1338,83,59,2001-11-14 11:43:28
1339,12,57,2022-11-29 06:05:08
1340,60,6,1971-02-20 04:14:53
1341,17,52,1982-01-10 14:46:14
1342,14,0,1986-04-11 11:18:44
1343,50,96,1998-01-25 12:26:27
1344,80,94,2006-03-12 06:14:04
1345,0,44,2022-03-02 21:20:27
1346,93,77,2006-01-14 03:31:26
1347,88,68,2008-06-17 17:41:10
1348,64,48,1979-08-01 23:51:07
1349,61,7,2023-12-17 16:49:51
1350,79,27,2012-09-25 22:29:41
1351,48,74,1988-09-08 02:29:46
1352,23,54,2019-02-27 15:41:42
1353,61,4,2014-08-23 16:37:11
1354,59,63,1976-03-10 11:35:55
1355,80,3,2005-05-26 14:48:52
1356,74,44,2021-01-04 03:07:44
1357,89,20,2024-01-21 13:37:21
1358,42,42,2022-10-23 09:31:25
1359,59,47,1978-09-28 00:28:46
1360,51,53,1980-01-11 01:24:28
1361,7,99,1997-09-01 02:02:28
1362,40,7,2019-12-04 16:08:02
1363,91,84,2010-01-23 01:36:57
1364,64,82,2016-05-06 19:51:20
1365,84,61,2013-03-26 07:03:02
1366,70,57,1979-08-19 01:03:24
1367,13,19,2024-11-28 09:39:02
1368,51,14,1993-11-25 01:22:53
1369,75,28,1970-10-30 02:00:27
1370,47,3,1977-01-19 15:47:21
1371,64,90,2006-03-06 10:19:13
1372,46,96,2004-07-05 20:03:09
1373,45,5,2023-12-15 00:21:10
1374,69,54,1988-07-29 12:24:00
1375,46,76,1999-06-12 16:41:01
1376,12,92,1976-05-27 13:01:48
1377,20,44,2011-05-26 01:18:51
1378,44,53,1977-10-23 02:44:10
1379,55,14,2007-11-01 10:06:31
1380,83,87,1974-12-03 10:23:58
1381,38,87,2012-12-19 05:23:29
1382,21,67,1996-06-22 13:58:18
1383,19,52,1985-08-06 00:59:31
1384,36,22,1978-04-03 19:29:04
1385,66,88,1990-08-30 02:24:06
1386,77,65,2016-07-16 01:09:09
1387,4,99,1997-07-17 09:34:25
1388,54,14,2024-01-01 23:46:43
1389,29,20,1993-09-23 06:32:26
1390,10,18,1986-01-06 13:58:12
1391,63,42,2022-07-20 16:42:26
1392,71,56,1989-04-22 11:16:42
1393,57,36,2000-10-31 03:30:33
1394,2,1,1975-11-13 11:06:41
1395,62,34,2015-05-17 03:51:33
1396,73,36,1999-07-18 23:28:17
1397,76,11,2015-11-12 23:18:31
1398,46,30,2012-12-31 01:39:06
1399,28,51,1989-06-16 15:00:14
1400,55,44,2010-06-11 04:35:28
1401,43,7,2000-05-30 20:29:34
1402,56,82,1982-06-24 01:32:29
1403,41,31,2020-08-18 07:12:21
1404,33,41,2016-03-09 18:08:19
1405,50,80,1994-01-27 15:52:00
1406,32,33,2002-02-06 00:53:27
1407,67,85,2002-08-03 21:56:21
1408,79,88,2021-10-27 04:46:43
1409,43,53,1977-03-07 18:27:34
1410,93,90,1971-02-10 18:14:09
1411,2,39,1985-08-14 09:46:27
1412,27,79,2008-04-02 01:20:04
1413,18,22,1976-06-29 13:49:00
1414,62,66,1993-04-15 13:29:17
1415,52,77,1994-12-28 20:32:27
1416,45,47,2002-04-14 18:55:34
1417,58,38,2019-05-17 18:16:39
1418,47,4,1998-03-12 12:05:53
1419,3,5,2004-01-18 18:59:36
1420,41,27,2007-04-02 02:04:36
1421,84,65,2015-08-19 01:52:13
1422,16,52,1996-10-01 11:19:23
1423,19,50,2015-12-06 14:22:56
1424,84,38,1980-05-27 11:19:57
1425,17,24,1980-03-08 15:14:34
1426,76,24,1997-02-27 08:39:35
1427,79,93,2006-06-24 16:50:16
1428,67,1,2021-09-12 05:39:10
1429,13,35,2002-04-02 16:15:00
1430,52,82,1989-08-03 16:49:33
1431,30,20,1979-10-08 21:15:23
1432,82,84,2020-01-04 10:53:40
1433,5,47,1995-06-21 02:26:44
1434,39,94,1987-04-25 03:56:18
1435,8,1,1991-05-09 15:36:18
1436,14,4,2016-08-19 06:08:44
1437,7,27,1978-08-25 23:46:20
1438,28,51,1975-09-13 03:37:39
1439,34,79,2008-01-25 19:48:05
1440,18,52,2022-03-17 04:41:41
1441,4,64,1984-06-18 08:28:57
1442,21,61,1970-02-08 07:30:42
1443,18,43,1992-10-22 10:12:02
1444,87,55,1992-06-18 23:51:05
1445,87,88,2013-09-12 05:55:48
1446,58,94,1992-02-01 12:00:57
1447,83,91,1992-08-31 11:23:26
1448,88,65,1970-11-20 05:09:14
1449,70,74,2005-07-04 03:16:16
1450,24,30,1996-02-27 14:25:01
1451,21,16,1996-12-02 21:56:05
1452,4,6,2022-06-14 03:32:15
1453,72,51,1987-03-09 10:57:12
1454,59,30,2016-04-25 13:41:17
1455,6,52,1997-12-29 02:04:45
1456,56,7,1996-05-05 15:57:12
1457,27,52,1998-07-09 16:09:59
1458,92,2,2003-05-17 11:32:10
1459,28,16,2013-11-26 18:05:22
1460,83,10,2023-01-28 18:54:57
1461,9,94,1974-09-21 05:51:01
1462,45,8,2019-08-31 09:43:02
1463,5,10,2008-03-11 01:03:43
1464,23,39,1979-11-02 03:49:04
1465,60,30,1984-01-21 00:17:22
1466,86,29,1992-01-22 06:10:04
1467,77,87,1994-08-25 17:49:17
1468,91,9,1987-04-04 16:01:40
1469,98,80,2008-09-27 18:25:37
1470,64,63,1977-08-17 12:56:27
1471,15,15,1996-09-04 07:18:50
1472,31,39,2005-03-02 16:59:43
1473,23,35,2002-03-12 11:33:08
1474,54,26,2018-05-31 09:56:24
1475,63,72,2015-05-02 08:01:38
1476,56,48,1970-03-20 12:12:31
1477,18,46,2007-11-10 08:25:05
1478,78,35,2022-06-11 21:54:25
1479,12,28,1971-04-10 19:46:21
1480,32,23,2012-03-06 07:56:52
1481,73,39,1981-09-16 12:16:39
1482,25,45,1989-03-04 08:24:06
1483,4,10,2017-03-25 13:45:28
1484,93,58,2004-07-19 00:01:17
1485,95,7,1970-12-10 01:40:18
1486,11,97,2006-10-30 14:21:58
1487,1,28,1979-01-10 03:06:38
1488,75,3,1994-04-11 04:49:28
1489,84,21,1970-05-13 07:02:11
1490,15,73,1995-05-11 23:46:58
1491,15,70,2024-10-08 07:52:10
1492,16,81,2005-10-16 21:01:01
1493,70,90,1992-11-03 08:13:42
1494,87,29,1972-10-27 13:56:12
1495,99,82,2020-06-11 19:10:36
1496,3,38,2003-05-19 20:04:27
1497,60,7,2022-01-29 10:29:12
1498,5,54,2007-01-11 15:49:28
1499,46,93,1997-11-15 14:53:17
1500,97,81,1981-12-11 05:44:26
1501,10,25,2005-03-31 16:21:15
1502,27,63,1981-11-19 14:52:59
1503,69,14,1976-10-11 20:36:58
1504,56,18,1971-07-21 15:11:15
1505,74,19,1983-07-16 11:11:06
1506,32,90,1991-03-04 18:08:57
1507,28,60,2009-09-11 23:21:14
1508,94,41,1989-04-01 07:32:38
1509,19,9,1996-07-09 20:30:44
1510,97,1,2005-12-24 12:05:45
1511,97,62,1985-11-12 02:30:27
1512,98,7,1972-09-23 18:21:23
1513,84,50,1976-04-25 01:12:02
1514,73,79,2003-08-06 17:50:36
1515,64,43,2015-11-22 01:03:17
1516,73,59,1995-06-05 22:14:35
1517,40,26,2021-05-07 04:17:11
1518,5,98,2012-12-25 18:18:47
1519,2,26,1992-07-26 04:17:48
1520,98,40,2015-05-21 21:51:12
1521,29,70,2001-09-24 11:38:43
1522,43,42,1980-09-03 03:02:04
1523,19,96,2010-02-28 02:56:19
1524,19,78,1992-10-21 17:00:30
1525,27,48,2022-11-08 08:20:41
1526,44,54,2021-06-04 22:05:56
1527,46,81,2017-08-13 18:02:37
1528,47,98,1992-10-20 23:31:33
1529,0,1,1972-09-01 09:31:06
1530,48,74,2004-10-25 20:54:56
1531,49,89,2014-08-07 21:57:10
1532,65,81,2020-10-24 13:07:51
1533,70,20,1986-05-24 12:42:00
1534,30,88,1990-02-12 12:29:21
1535,26,90,1978-01-25 16:57:16
1536,78,1,2002-03-13 17:05:18
1537,59,33,1996-12-18 07:08:35
1538,33,52,1999-09-20 08:27:35
1539,54,44,1976-04-16 02:21:06
1540,67,5,1988-01-02 03:35:04
1541,33,11,2011-06-30 08:38:48
1542,54,79,2001-01-29 08:41:35
1543,44,93,2006-07-21 21:23:52
1544,69,69,1989-12-20 04:12:44
1545,71,55,2008-04-22 04:42:04
1546,31,8,2002-01-16 12:10:04
1547,94,10,2023-03-29 23:13:38
1548,39,63,1981-04-01 00:15:40
1549,21,40,1989-12-25 02:21:16
1550,86,42,2012-06-06 09:21:46
1551,39,98,2011-03-31 13:15:13
1552,24,29,2010-04-22 20:07:32
1553,51,19,1985-12-12 17:20:33
1554,14,92,1970-05-03 04:36:10
1555,8,87,2012-04-27 09:35:12
1556,10,10,1982-03-11 13:08:11
1557,63,89,2021-02-07 19:53:15
1558,33,89,1973-02-19 08:57:09
1559,77,16,1998-03-07 16:30:50
1560,16,10,2012-07-11 22:21:04
1561,92,89,1990-09-15 03:00:17
1562,33,79,2010-01-12 11:37:11
1563,61,85,2012-11-22 19:43:53
1564,83,83,1983-09-19 01:00:26
1565,10,72,1977-10-12 23:58:35
1566,92,48,1976-08-14 07:21:51
1567,34,18,2007-02-19 14:25:29
1568,25,52,1986-09-13 21:51:27
1569,26,98,2008-09-27 21:04:47
1570,13,81,2001-05-26 15:50:05
1571,74,26,2011-06-30 08:28:32
1572,78,26,2008-02-17 14:39:28
1573,81,82,1974-10-26 19:16:36
1574,77,50,2009-07-31 11:32:15
1575,53,11,1994-11-20 18:33:10
1576,67,89,1974-06-27 21:59:05
1577,50,3,1981-01-26 18:32:06
1578,16,80,2015-12-31 04:23:39
1579,10,95,2018-07-02 09:03:27
1580,2,48,2003-10-18 19:39:32
1581,92,53,2021-05-17 04:19:55
1582,70,40,2009-09-13 07:48:40
1583,19,98,1983-08-21 04:53:55
1584,11,78,2015-11-22 16:37:59
1585,49,72,2002-01-28 07:57:26
1586,74,97,1992-06-01 09:53:20
1587,48,15,2017-10-18 01:32:25
1588,72,78,1990-07-11 21:31:53
1589,46,2,1980-08-24 11:51:56
1590,15,99,1971-03-19 14:21:51
1591,33,72,2007-08-16 15:13:47
1592,41,15,2008-06-19 09:51:27
1593,97,68,1986-05-03 22:40:52
1594,12,90,2001-10-10 23:11:23
1595,81,60,2003-06-25 02:55:15
1596,29,0,2007-03-01 00:19:19
1597,31,36,1993-04-07 20:42:28
1598,28,42,1997-03-02 07:27:58
1599,15,25,1981-07-06 22:41:51
1600,66,71,2024-06-12 17:30:08
1601,78,52,2009-10-18 21:45:54
1602,8,52,2000-11-26 14:48:11
1603,3,17,1970-06-04 22:09:23
1604,23,68,1977-12-22 03:53:04
1605,85,64,2014-08-04 06:37:21
1606,58,72,1991-08-14 05:23:35
1607,56,32,2023-12-04 18:53:03
1608,99,2,1985-04-30 01:12:33
1609,73,52,2021-04-05 14:15:14
1610,42,37,2009-01-10 20:14:53
1611,32,70,2001-11-03 11:40:30
1612,66,31,1999-09-05 04:11:48
1613,55,85,1987-12-08 12:51:11
1614,93,89,1996-01-08 05:42:29
1615,83,78,1992-08-02 07:26:59
1616,24,95,1976-12-10 23:18:05
1617,92,29,2001-09-24 14:57:00
1618,19,5,2022-06-29 00:54:55
1619,28,30,2022-05-28 19:18:22
1620,53,71,1984-07-03 07:18:01
1621,53,8,1970-10-02 15:00:16
1622,53,51,2002-05-15 14:29:17
1623,21,75,2008-10-27 05:12:01
1624,55,80,1979-10-20 19:13:56
1625,78,23,1982-01-05 03:18:35
1626,93,10,1977-05-08 10:19:37
1627,6,64,1988-03-28 17:43:10
1628,70,24,1973-12-22 09:49:07
1629,37,5,2010-05-16 06:50:50
1630,89,34,2020-08-22 01:06:04
1631,90,87,2012-11-27 00:05:44
1632,2,37,2015-10-30 01:08:40
1633,23,98,2017-12-03 23:24:24
1634,93,39,2019-11-11 06:54:38
1635,80,55,2008-05-07 02:47:13
1636,33,0,1989-08-18 14:36:18
1637,29,59,1981-03-04 18:17:14
1638,82,59,2014-07-23 10:02:57
1639,4,48,2007-06-19 00:33:47
1640,84,62,1977-07-17 16:41:33
1641,35,42,1972-05-01 20:24:43
1642,60,38,2008-01-02 21:23:16
1643,77,98,2013-10-28 09:12:07
1644,3,23,1977-07-07 20:42:49
1645,26,58,2024-10-03 10:49:37
1646,24,90,2018-07-02 11:28:32
1647,16,39,2004-11-13 00:44:10
1648,78,52,1973-08-16 00:45:21
1649,22,35,2003-09-25 12:58:45
1650,5,62,1998-09-23 16:27:06
1651,67,38,1971-11-09 13:40:26
1652,75,32,1986-11-13 23:34:08
1653,46,74,2004-08-22 23:32:43
1654,65,71,2016-04-08 13:42:48
1655,91,22,2005-07-08 15:50:17
1656,49,22,2011-02-22 00:21:09
1657,56,93,1993-04-03 16:33:46
1658,93,46,2012-07-04 22:16:52
1659,71,69,2012-07-24 06:47:58
1660,46,95,2018-12-14 05:58:33
1661,46,74,1994-10-19 03:11:51
1662,80,41,1980-04-22 05:58:51
1663,79,97,2019-07-25 06:05:49
1664,72,8,2011-01-12 13:48:13
1665,0,96,2018-07-23 03:16:48
1666,50,3,1999-12-10 00:25:20
1667,72,29,2018-02-28 11:04:23
1668,64,55,1996-01-23 08:14:25
1669,37,50,1986-07-11 22:24:29
1670,74,41,2014-12-16 07:22:12
1671,59,2,2008-04-25 09:16:43
1672,59,38,1976-07-15 02:50:10
1673,1,56,2022-12-05 07:15:52
1674,68,50,2018-03-23 13:40:49
1675,73,40,2018-04-26 05:26:06
1676,34,2,1997-03-31 08:22:40
1677,15,83,2005-08-05 13:38:11
1678,50,45,1970-03-28 15:44:43
1679,77,56,1992-07-20 13:28:16
1680,10,64,2007-11-22 03:42:29
1681,0,34,2008-07-29 23:15:42
1682,10,91,2008-04-01 21:05:49
1683,62,3,2023-02-19 00:23:46
1684,69,71,1984-11-21 13:51:53
1685,29,46,1999-12-30 19:18:33
1686,68,6,1970-12-04 19:21:03
1687,6,33,2024-10-30 10:36:49
1688,48,52,1997-07-25 04:40:43
1689,66,81,2020-03-26 17:25:33
1690,26,39,1971-04-27 19:03:40
1691,28,20,2001-07-18 00:05:25
1692,45,61,2015-05-24 18:44:44
1693,26,51,1992-12-09 04:05:25
1694,12,26,2020-10-28 10:48:16
1695,90,7,2019-07-01 19:10:56
1696,79,7,2019-06-27 01:16:21
1697,57,29,2024-01-16 00:24:33
1698,12,42,2023-04-30 08:55:25
1699,21,18,2003-03-26 18:16:52
1700,32,99,2017-08-31 15:05:00
1701,70,46,2021-12-21 03:37:04
1702,1,14,1986-01-27 06:38:07
1703,59,55,2020-04-26 14:28:46
1704,59,79,2015-07-12 12:35:20
1705,86,56,1973-02-22 21:15:14
1706,49,15,2000-06-26 03:33:17
1707,76,8,2023-07-27 00:27:41
1708,41,98,1997-11-22 19:53:00
1709,89,96,1979-04-14 11:52:23
1710,97,22,1981-08-23 21:22:01
1711,88,44,1999-07-23 11:36:49
1712,92,83,2016-01-14 02:38:09
1713,26,12,1997-10-27 02:50:34
1714,38,84,1998-08-27 11:47:21
1715,26,81,2023-05-13 17:24:50
1716,3,30,2022-01-11 00:17:59
1717,12,3,2009-03-27 06:17:16
1718,45,59,2010-09-13 14:13:31
1719,24,41,1970-10-08 00:27:05
1720,33,16,1980-01-16 06:10:14
1721,84,74,1989-06-14 14:31:03
1722,87,7,1983-10-31 22:19:51
1723,35,6,1989-03-23 10:09:53
1724,72,33,1975-03-14 19:54:03
1725,74,97,1975-08-29 21:19:51
1726,48,52,2006-09-24 21:10:15
1727,63,47,2010-04-09 22:19:49
1728,92,92,1988-12-05 12:14:23
1729,89,13,2010-01-05 07:41:45
1730,20,73,1990-12-03 09:39:54
1731,74,81,2017-02-13 18:27:18
1732,98,1,1980-09-28 19:00:00
1733,70,50,2024-11-12 06:20:02
1734,85,67,1986-02-17 19:34:16
1735,54,21,1998-05-12 05:06:07
1736,19,79,2018-03-12 18:07:46
1737,15,73,2000-02-23 04:31:33
1738,45,69,2020-03-31 10:32:19
1739,70,73,2013-02-11 11:18:40
1740,38,21,2013-06-05 05:41:59
1741,1,90,1974-03-17 05:12:24
1742,92,77,2011-02-11 16:35:32
1743,51,52,2023-03-29 01:20:48
1744,41,94,1987-08-04 11:07:35
1745,97,80,2015-11-30 02:43:40
1746,86,56,1994-05-27 00:31:33
1747,73,14,1993-04-22 12:14:39
1748,49,25,1983-05-25 09:25:28
1749,96,47,2017-07-29 17:38:45
1750,98,0,2015-11-26 11:25:51
1751,73,47,1993-06-09 11:31:43
1752,64,25,2010-08-01 08:32:23
1753,31,44,1980-02-28 05:01:11
1754,89,90,2006-02-26 03:34:51
1755,48,11,1997-04-22 12:42:23
1756,62,24,1997-02-07 11:39:02
1757,63,52,2017-10-26 05:29:49
1758,76,98,1988-09-28 20:11:46
1759,5,91,1982-01-19 18:13:49
1760,72,52,2021-10-21 10:39:59
1761,14,72,2020-06-25 16:16:15
1762,53,73,1985-01-26 18:23:39
1763,22,50,1994-12-22 11:25:20
1764,63,91,2010-09-23 03:32:22
1765,3,21,2003-03-24 18:25:42
1766,69,45,1974-12-08 08:58:05
1767,41,97,1985-01-28 18:58:10
1768,4,78,2015-08-15 01:19:41
1769,37,91,1972-10-02 16:23:36
1770,55,33,2010-04-06 11:06:05
1771,46,69,1974-06-22 23:02:54
1772,97,41,1976-02-22 18:46:37
1773,68,66,1972-08-21 10:13:02
1774,64,49,1976-04-06 06:00:11
1775,51,89,2019-12-06 22:59:03
1776,57,67,2019-12-21 14:07:06
1777,27,84,1994-07-17 02:51:59
1778,85,3,2004-06-26 07:29:56
1779,82,50,2004-03-01 04:45:13
1780,92,88,2000-05-04 05:38:54
1781,67,65,2012-06-07 17:22:44
1782,73,49,1983-04-25 12:09:43
1783,4,89,1985-12-21 21:15:03
1784,7,37,1989-07-02 12:30:30
1785,66,48,2001-06-04 00:27:30
1786,42,52,1996-01-13 12:14:18
1787,14,52,2000-12-06 13:10:37
1788,37,60,2019-11-01 12:02:28
1789,26,0,2008-06-27 09:27:52
1790,35,51,2006-07-12 03:54:55
1791,26,82,1999-02-16 21:12:31
1792,8,40,2023-08-21 03:49:35
1793,51,61,2007-12-20 05:23:56
1794,1,50,2000-10-19 03:10:28
1795,29,1,2015-04-13 00:07:45
1796,21,68,2006-02-11 15:12:45
1797,79,96,2006-09-10 03:31:40
1798,77,30,2005-09-16 20:42:14
1799,26,62,1989-12-24 07:59:53
1800,65,83,2024-12-02 23:29:23
1801,60,31,1976-06-03 00:06:11
1802,24,96,2004-06-08 01:45:44
1803,92,70,1985-07-21 23:16:50
1804,94,47,1984-09-01 11:49:51
1805,64,58,2006-10-19 17:58:50
1806,46,39,2014-07-21 14:33:19
1807,86,16,1976-02-26 14:56:16
1808,38,71,1987-11-04 05:02:36
1809,36,51,1977-07-08 14:26:17
1810,61,59,2011-01-04 18:23:24
1811,91,54,1994-12-05 01:17:21
1812,72,72,2004-12-27 12:50:06
1813,9,82,2022-07-24 17:10:50
1814,51,78,1987-10-18 03:53:53
1815,15,33,1972-12-22 22:21:30
1816,92,88,1988-09-17 01:21:03
1817,93,84,2005-07-20 03:31:04
1818,12,8,1985-05-18 20:15:38
1819,57,16,2022-10-16 17:15:03
1820,49,25,1995-06-18 04:42:17
1821,59,33,1993-08-16 13:03:43
1822,98,99,1979-02-03 01:11:13
1823,62,21,1989-08-10 02:23:29
1824,98,19,1971-08-03 00:20:17
1825,76,35,1995-10-07 15:35:51
1826,91,68,1978-11-20 12:40:08
1827,4,66,1996-05-27 21:04:10
1828,50,71,1971-04-15 16:56:23
1829,24,42,1993-10-18 20:43:55
1830,49,49,2023-05-24 21:26:21
1831,41,34,1985-03-07 18:42:09
1832,90,94,2003-06-12 20:24:35
1833,41,38,2009-04-07 19:36:12
1834,40,23,2024-08-25 21:04:12
1835,78,1,1970-04-22 10:40:25
1836,90,99,1987-05-07 12:21:28
1837,21,4,1978-01-21 11:27:31
1838,98,48,2008-10-24 15:35:37
1839,22,99,1981-05-27 05:56:11
1840,75,62,1977-10-27 10:46:04
1841,80,36,1982-12-29 08:12:00
1842,34,17,2019-06-05 10:53:59
1843,45,26,2006-12-27 15:50:05
1844,16,29,2009-04-15 06:20:13
1845,7,87,2013-12-19 14:44:32
1846,28,48,1973-12-18 03:11:37
1847,33,74,2000-05-28 15:47:34
1848,61,40,1995-05-18 11:11:32
1849,88,61,2002-05-19 23:37:53
1850,70,13,1990-12-07 07:58:26
1851,79,12,1987-02-06 18:07:22
1852,5,85,2016-06-24 04:58:01
1853,14,68,2015-12-10 17:29:05
1854,7,6,2008-11-24 12:07:53
1855,94,8,2001-08-14 16:43:11
1856,41,61,2005-09-25 05:47:32
1857,99,88,1993-05-10 10:16:25
1858,60,37,2000-01-18 07:06:06
1859,73,41,1971-02-04 10:50:31
1860,53,50,1973-03-27 23:58:30
1861,17,93,2023-06-06 06:59:08
1862,61,79,2009-08-11 13:38:48
1863,26,37,2007-01-16 13:08:01
1864,74,32,1982-11-28 15:53:40
1865,61,45,1993-10-01 06:20:29
1866,88,79,2021-06-17 15:45:50
1867,84,62,1998-03-26 06:06:52
1868,23,71,2007-04-10 01:30:59
1869,12,87,2017-07-21 16:23:18
1870,92,69,1997-10-01 03:37:01
1871,60,8,2009-04-13 04:37:46
1872,25,32,2011-01-24 05:31:52
1873,52,26,1978-01-17 19:47:24
1874,55,73,2014-01-19 04:26:17
1875,28,58,2011-07-03 17:37:21
1876,69,28,2009-06-28 20:22:54
1877,32,2,2016-10-25 05:51:47
1878,95,38,1997-10-09 01:41:50
1879,49,44,1991-04-02 05:54:46
1880,0,29,1987-09-08 04:10:08
1881,51,27,2018-11-03 13:30:44
1882,96,8,1994-05-02 01:35:58
1883,0,17,1999-11-06 14:39:58
1884,41,0,2005-07-20 04:00:17
1885,82,70,2017-09-21 20:47:23
1886,10,7,2019-10-13 22:42:58
1887,94,34,2023-07-19 22:56:02
1888,49,56,2023-12-05 23:11:27
1889,48,69,1999-11-21 11:08:09
1890,81,19,1977-12-04 01:09:24
1891,1,78,2011-02-27 09:00:00
1892,53,43,1984-04-27 21:37:06
1893,71,34,1994-06-24 01:05:16
1894,65,41,2008-09-15 00:41:49
1895,56,65,2019-11-21 10:29:11
1896,23,6,2001-01-19 06:59:22
1897,38,28,1991-12-08 01:46:14
1898,26,61,1991-11-23 16:23:11
1899,95,72,2002-11-15 14:50:46
1900,5,43,2018-05-09 22:14:05
1901,74,62,1994-01-06 01:54:00
1902,32,78,2014-11-30 15:41:45
1903,38,56,2008-12-26 10:58:59
1904,82,89,1992-01-21 06:46:48
1905,68,67,2020-08-31 12:21:30
1906,13,11,2008-03-31 04:16:13
1907,17,79,1987-03-19 07:32:58
1908,73,93,2002-02-17 17:16:31
1909,34,11,1975-02-08 05:49:15
1910,23,25,2014-02-03 22:34:31
1911,42,22,1984-10-02 04:54:59
1912,70,32,1995-12-26 14:32:23
1913,24,66,1976-04-27 01:56:42
1914,94,92,1987-09-03 17:22:19
1915,59,92,1972-04-14 19:57:53
1916,67,85,1992-01-05 14:28:36
1917,22,18,2016-07-29 08:47:38
1918,68,83,2001-01-03 13:26:52
1919,81,25,1986-10-11 13:15:00
1920,88,52,1971-07-04 04:32:37
1921,23,20,1987-02-15 11:03:27
1922,14,2,2007-07-15 00:31:13
1923,35,48,1971-11-03 22:35:58
1924,1,4,1982-09-17 17:01:50
1925,28,25,1974-03-13 21:34:39
1926,81,32,2004-02-09 02:46:12
1927,62,52,1971-04-26 03:03:04
1928,83,65,2013-08-08 08:43:36
1929,14,91,2012-06-07 22:27:15
1930,45,75,1986-12-26 22:35:46
1931,20,79,1985-12-18 16:02:21
1932,9,8,2013-03-16 08:24:44
1933,57,47,1972-12-19 07:26:29
1934,47,83,1980-10-12 09:32:27
1935,54,94,2012-12-25 02:54:01
1936,19,25,1982-10-13 20:50:53
1937,93,61,2005-12-22 14:21:51
1938,39,84,2004-07-07 13:26:07
1939,63,2,2003-10-21 02:19:16
1940,67,49,2008-01-23 23:22:44
1941,37,53,1983-05-26 00:00:49
1942,78,37,2022-05-06 15:09:48
1943,76,10,1996-06-10 20:34:26
1944,38,2,2013-03-28 20:18:20
1945,6,13,1971-02-15 12:22:13
1946,12,18,2012-07-28 19:33:35
1947,2,37,1981-12-18 17:14:00
1948,6,79,1985-02-27 07:38:22
1949,65,92,1979-10-23 12:01:15
1950,58,88,1973-12-09 15:05:31
1951,46,97,1990-09-27 04:33:08
1952,59,31,2019-10-10 03:59:12
1953,65,45,1996-04-17 23:51:29
1954,79,41,2002-07-15 19:57:13
1955,9,81,1986-04-01 02:40:16
1956,72,9,2001-01-31 18:41:03
1957,5,24,1987-09-13 12:16:59
1958,91,12,1996-09-29 19:23:42
1959,81,44,2005-05-01 02:37:56
1960,51,37,2008-12-08 03:01:16
1961,47,13,2011-08-01 08:47:32
1962,71,85,2005-11-09 07:47:12
1963,73,4,2012-10-11 07:25:28
1964,11,86,1985-01-17 09:00:05
1965,82,63,1970-06-18 06:49:21
1966,53,77,1984-01-03 16:15:16
1967,29,80,1988-10-22 07:43:17
1968,45,5,1992-03-25 19:39:51
1969,15,3,1994-05-30 10:13:08
1970,86,21,2013-05-29 16:24:40
1971,65,27,1992-03-29 20:57:45
1972,39,4,1986-10-21 04:20:42
1973,66,31,2020-07-29 04:03:55
1974,85,78,2003-12-03 18:00:00
1975,14,71,2001-08-29 07:06:17
1976,35,94,2012-07-22 01:43:55
1977,68,83,1992-03-30 20:02:58
1978,32,72,2010-07-28 08:06:14
1979,31,4,2001-03-18 18:56:31
1980,96,42,1998-07-04 06:27:22
1981,59,21,2002-12-25 12:47:53
1982,70,13,1986-05-02 17:11:57
1983,42,80,2005-04-11 17:05:05
1984,42,47,2018-10-27 18:19:50
1985,75,53,2023-08-06 09:03:32
1986,43,89,2007-02-02 02:25:32
1987,68,8,2005-12-15 15:05:36
1988,68,38,1979-05-05 11:37:52
1989,46,92,1985-12-24 22:21:23
1990,96,63,2013-02-24 22:52:46
1991,17,83,1989-01-19 15:37:30
1992,10,18,1992-03-02 20:11:46
1993,11,35,2023-12-09 05:00:01
1994,68,5,1971-01-18 17:13:13
1995,59,9,2024-03-26 20:09:33
1996,7,44,2013-06-12 22:21:02
1997,69,4,2024-02-08 13:54:41
1998,52,90,2006-10-11 01:49:17
1999,67,34,1972-02-01 05:13:59
2000,60,29,2016-08-24 07:27:30
2001,10,80,2006-03-01 13:22:04
2002,84,1,1983-02-14 21:04:42
2003,43,47,2020-10-22 01:19:38
2004,20,90,2005-10-07 21:22:24
2005,18,95,2014-02-01 18:45:43
2006,48,4,2000-07-19 06:08:40
2007,15,72,2001-02-22 20:04:21
2008,76,41,1974-01-29 04:22:55
2009,21,92,1989-03-22 04:20:45
2010,21,67,1982-11-09 05:12:32
2011,31,79,1997-07-31 03:49:42
2012,18,25,1993-05-23 14:18:20
2013,77,59,1973-01-30 05:38:26
2014,21,47,1998-01-09 05:44:34
2015,14,85,1978-06-24 08:43:30
2016,74,53,1995-01-29 13:58:06
2017,59,70,2010-08-05 17:39:14
2018,41,12,1994-05-06 13:09:10
2019,82,4,2023-02-11 09:47:40
2020,58,47,1990-02-24 09:11:21
2021,82,64,1979-04-06 15:26:17
2022,36,86,1978-01-23 23:30:11
2023,52,13,2019-02-15 17:24:52
2024,65,11,2009-04-22 02:54:50
2025,22,13,2016-09-24 06:49:05
2026,89,88,2022-09-08 20:56:27
2027,25,23,2013-01-21 04:44:01
2028,31,75,1997-09-15 15:03:08
2029,38,39,2019-02-15 14:23:09
2030,0,58,1974-03-12 04:06:35
2031,25,58,2001-07-01 03:25:52
2032,3,11,1979-04-23 08:00:50
2033,64,47,2008-11-05 04:46:33
2034,53,35,1980-11-07 03:21:40
2035,77,64,1973-09-30 23:16:13
2036,99,40,1991-11-14 13:23:58
2037,38,19,2021-11-12 16:07:59
2038,37,99,1981-03-23 08:02:41
2039,86,69,2018-01-14 03:01:05
2040,44,94,2013-09-29 12:35:39
2041,95,20,1985-06-27 02:16:08
2042,82,62,1972-01-22 20:16:17
2043,57,21,2019-03-16 08:22:01
2044,32,98,1997-05-25 07:29:12
2045,3,72,2004-12-31 21:10:59
2046,88,52,1975-01-17 03:54:28
2047,21,85,1996-08-28 21:33:02
2048,11,14,1983-06-17 20:11:48
2049,83,53,1987-11-08 23:00:07
2050,18,87,1988-11-26 16:19:21
2051,90,95,2019-08-13 13:48:31
2052,94,63,2020-04-26 07:11:03
2053,92,22,1997-02-26 02:33:29
2054,25,37,1997-02-11 12:01:00
2055,81,64,2023-06-20 17:13:00
2056,25,3,1974-05-21 12:28:25
2057,59,46,1984-04-25 12:18:52
2058,50,55,1972-03-09 01:59:21
2059,11,47,2006-07-29 03:07:42
2060,25,64,1984-08-05 22:20:20
2061,47,59,1985-02-28 22:57:45
2062,63,9,1983-01-14 04:55:53
2063,47,80,1994-11-24 19:17:50
2064,49,56,1986-06-08 20:05:50
2065,66,96,1980-03-20 21:43:43
2066,65,12,2016-01-20 18:22:19
2067,49,54,1991-03-24 17:09:27
2068,78,45,2000-01-20 12:37:30
2069,64,70,1985-09-06 00:41:45
2070,34,85,1994-11-02 14:34:49
2071,46,26,1975-05-14 12:04:04
2072,45,79,1978-09-04 09:44:25
2073,9,32,1983-10-01 13:53:46
2074,13,6,1998-08-11 19:20:53
2075,67,44,2018-12-11 14:40:08
2076,77,53,1981-10-28 16:51:01
2077,66,21,1988-05-06 22:11:46
2078,99,2,1986-07-15 00:37:20
2079,64,60,1970-09-26 09:10:22
2080,51,11,2007-11-28 02:28:25
2081,30,28,2019-11-07 15:31:40
2082,49,94,2019-09-23 16:46:22
2083,59,31,1981-07-03 16:12:21
2084,45,19,1979-08-19 17:57:02
2085,42,21,1996-03-03 14:50:06
2086,91,70,1993-06-08 23:26:25
2087,44,40,1996-12-13 08:08:27
2088,20,56,1996-07-03 23:01:00
2089,16,88,2020-12-03 18:35:34
2090,58,43,2012-11-02 06:04:40
2091,23,76,1973-03-13 06:41:52
2092,98,4,2000-06-30 11:09:39
2093,33,30,1978-05-20 11:21:33
2094,1,76,2002-04-23 20:28:12
2095,63,29,1986-04-28 13:59:13
2096,78,16,2017-06-01 21:38:57
2097,72,84,1983-01-05 09:48:18
2098,84,36,2018-03-13 15:41:05
2099,92,89,2007-12-13 01:10:59
2100,6,49,1973-06-02 00:38:35
2101,92,70,2014-04-20 13:16:40
2102,67,82,2000-12-28 06:55:44
2103,98,89,1997-12-14 17:44:55
2104,30,91,1975-12-08 17:10:29
2105,93,44,2011-09-30 23:44:36
2106,40,31,2011-01-04 21:46:58
2107,24,70,2001-03-22 15:03:30
2108,10,13,1973-09-23 13:39:46
2109,21,71,2007-06-03 07:51:01
2110,40,66,2002-11-05 07:12:40
2111,55,96,2001-06-09 21:51:19
2112,91,84,1979-09-04 05:54:54
2113,8,38,2019-04-24 00:39:35
2114,79,35,2018-11-05 22:51:48
2115,56,19,2007-04-15 08:07:11
2116,17,77,2010-09-19 13:53:37
2117,43,86,1989-06-03 20:36:57
2118,70,49,2004-06-04 20:20:12
2119,61,40,2021-11-09 02:23:33
2120,57,99,2006-10-21 13:22:51
2121,73,99,2000-08-08 13:22:29
2122,22,57,1998-05-17 21:33:11
2123,75,13,1997-09-20 14:19:21
2124,79,17,2011-05-01 22:02:44
2125,96,81,1971-07-01 03:46:21
2126,25,82,1983-12-13 14:46:21
2127,18,31,2016-03-19 20:01:15
2128,87,81,2007-10-28 02:46:15
2129,97,58,2004-12-28 20:20:30
2130,47,23,2022-04-06 13:02:07
2131,29,75,2021-09-26 09:51:53
2132,52,86,1996-02-19 10:50:48
2133,41,24,2004-08-17 13:05:26
2134,52,76,1976-06-22 07:56:10
2135,24,47,1987-03-18 14:55:34
2136,73,81,2006-12-23 15:00:56
2137,98,49,2018-07-27 04:58:23
2138,0,26,1973-04-08 05:37:44
2139,60,43,1990-12-20 03:51:04
2140,44,80,1980-04-02 11:02:50
2141,55,34,1997-12-10 08:13:15
2142,70,21,1982-06-03 03:51:28
2143,52,78,2015-10-08 22:11:32
2144,7,59,2016-03-30 02:43:58
2145,29,87,1991-02-11 12:38:53
2146,97,79,2015-07-24 03:49:51
2147,38,16,1983-12-19 02:24:08
2148,14,51,1983-08-31 18:02:03
2149,9,98,1998-11-04 21:51:15
2150,81,35,2020-02-18 14:20:04
2151,28,38,2006-11-14 04:56:20
2152,78,65,1995-12-31 06:57:08
2153,23,2,2002-01-07 20:00:00
2154,64,73,1998-09-25 22:15:48
2155,11,57,1980-12-16 23:40:54
2156,86,68,2004-12-23 15:05:24
2157,18,55,1997-09-14 05:59:35
2158,0,68,2015-09-23 22:59:51
2159,86,1,1989-07-12 21:53:27
2160,42,40,2014-08-12 12:39:12
2161,94,40,2021-06-25 17:56:03
2162,11,31,1987-08-29 15:16:28
2163,44,32,1980-11-02 07:34:27
2164,21,81,2009-09-14 09:13:32
2165,29,18,2022-09-13 13:09:47
2166,37,81,2015-08-13 17:55:18
2167,63,52,2000-06-05 21:42:57
2168,19,6,2018-02-01 16:46:05
2169,47,6,1992-10-07 16:20:48
2170,12,26,2012-01-13 10:55:10
2171,97,3,1980-08-11 22:51:34
2172,38,99,2017-05-05 16:20:36
2173,7,31,2005-04-15 10:49:02
2174,76,0,2016-02-23 07:35:37
2175,15,83,1974-03-14 15:34:08
2176,20,1,2003-01-31 01:50:30
2177,76,22,1979-06-29 22:48:31
2178,37,38,1982-11-10 01:42:12
2179,44,64,1976-05-20 21:29:23
2180,79,44,1972-09-28 05:20:34
2181,43,77,1975-12-23 23:57:44
2182,2,42,1990-02-16 08:31:28
2183,32,61,1982-01-29 19:25:27
2184,23,64,2017-04-09 00:30:54
2185,33,57,2020-07-22 05:30:59
2186,13,9,2001-06-21 07:44:15
2187,45,37,1979-04-28 10:56:23
2188,38,43,1975-10-17 10:58:42
2189,38,45,1992-12-02 07:40:09
2190,49,6,1981-04-26 07:41:50
2191,20,72,1995-07-27 12:33:26
2192,5,36,1973-10-04 04:06:34
2193,53,42,1984-04-22 18:39:24
2194,55,33,2013-06-29 10:07:44
2195,26,21,2001-06-05 17:52:53
2196,99,96,1986-07-08 06:57:04
2197,40,53,1973-03-31 01:09:35
2198,0,29,1997-12-18 06:20:06
2199,60,99,1986-11-04 20:57:59
2200,43,83,1986-07-02 03:20:45
2201,42,91,2021-12-18 05:40:31
2202,33,72,1990-08-09 08:06:01
2203,48,39,1980-08-19 10:24:24
2204,14,71,2023-02-20 01:32:41
2205,89,97,2013-01-08 07:20:15
2206,54,2,1996-08-20 02:04:15
2207,39,64,1976-07-20 08:15:07
2208,84,8,2006-12-27 01:32:28
2209,75,30,1981-01-17 06:30:10
2210,42,90,2011-03-24 07:57:38
2211,47,74,2009-06-20 04:09:14
2212,76,89,1970-01-16 16:30:18
2213,55,58,2019-10-19 18:36:04
2214,14,85,1980-12-27 05:41:31
2215,58,5,1985-06-22 18:50:08
2216,82,68,1986-05-16 01:00:33
2217,64,20,2019-07-27 18:49:18
2218,98,62,1995-02-19 04:10:54
2219,10,88,1988-11-25 00:46:28
2220,76,84,1982-05-20 14:19:58
2221,60,86,1977-02-08 01:58:59
2222,73,82,2008-08-12 17:35:31
2223,14,93,2006-10-13 21:54:35
2224,69,68,2000-04-14 19:21:00
2225,95,92,1979-08-17 00:49:57
2226,67,91,1995-06-18 22:23:45
2227,97,64,2005-10-22 06:10:56
2228,40,72,2007-08-27 19:44:04
2229,49,15,1978-08-03 19:46:23
2230,45,60,1986-06-30 16:20:13
2231,52,56,2016-08-30 15:20:26
2232,66,5,2017-11-14 10:30:08
2233,94,78,1972-04-08 07:33:48
2234,22,82,1998-07-01 21:38:49
2235,21,65,2023-03-20 16:41:16
2236,72,52,1981-03-09 11:06:42
2237,88,51,1974-04-30 15:40:13
2238,35,29,1979-11-30 06:44:43
2239,85,26,2018-05-12 12:54:13
2240,58,23,2003-11-02 09:21:26
2241,86,28,1972-10-02 00:31:42
2242,93,26,2014-06-30 18:47:04
2243,4,34,1972-09-17 13:02:18
2244,70,6,1994-10-09 21:45:30
2245,71,24,2016-06-21 03:32:01
2246,93,57,2005-04-02 09:06:32
2247,26,88,1977-08-30 15:22:32
2248,45,36,1983-09-15 08:34:31
2249,30,21,1976-07-19 10:37:27
2250,97,52,1994-03-06 16:59:33
2251,74,58,1991-01-17 18:57:14
2252,37,18,2023-05-01 10:29:24
2253,7,95,2014-04-05 16:36:31
2254,92,73,2013-07-05 14:06:28
2255,88,82,1970-08-16 23:49:00
2256,68,78,1974-05-10 10:48:27
2257,54,47,2000-11-14 11:49:35
2258,87,7,1998-08-27 09:17:05
2259,37,50,1981-08-29 00:53:26
2260,24,57,1972-04-17 15:51:36
2261,13,88,1978-10-22 14:09:22
2262,80,70,1989-02-23 21:03:27
2263,63,74,2021-11-11 02:55:41
2264,44,57,1990-09-02 13:16:35
2265,9,86,1984-12-31 00:55:27
2266,73,97,2017-09-23 10:23:51
2267,72,69,1995-08-23 23:27:54
2268,48,94,1992-07-28 03:41:07
2269,34,85,1996-09-25 05:51:19
2270,17,52,2001-03-02 22:36:53
2271,50,87,1989-07-17 22:36:49
2272,31,84,1991-03-21 12:12:00
2273,94,25,2018-01-24 16:17:09
2274,4,21,1971-03-16 05:20:04
2275,45,48,2007-07-02 06:45:58
2276,19,83,1984-08-15 12:06:21
2277,68,81,1997-03-05 19:04:09
2278,24,1,1977-04-14 20:25:05
2279,12,90,2017-12-11 02:34:03
2280,25,15,1974-01-28 06:15:22
2281,52,33,2010-07-22 05:11:33
2282,98,76,1979-07-12 07:12:15
2283,17,97,1978-10-12 06:14:48
2284,76,29,1994-04-12 06:19:17
2285,60,76,2007-05-09 02:39:59
2286,57,45,2000-09-19 23:19:14
2287,47,17,2014-10-30 07:01:42
2288,36,30,1995-04-25 17:04:46
2289,64,99,1970-10-27 22:16:31
2290,82,60,1984-09-19 06:18:16
2291,22,78,1997-06-25 09:51:39
2292,12,89,2006-11-23 09:04:33
2293,4,77,2024-07-02 10:13:08
2294,9,13,1989-06-18 13:31:33
2295,43,71,1993-09-27 14:11:48
2296,68,10,1997-09-24 13:27:33
2297,12,79,1981-04-23 19:22:35
2298,70,63,1988-05-02 03:20:58
2299,26,83,1995-07-06 05:09:32
2300,78,94,1978-05-15 04:34:32
2301,72,55,1972-05-22 04:58:01
2302,14,57,2017-08-30 01:55:18
2303,90,76,2003-10-05 03:49:18
2304,80,97,2023-10-06 10:06:09
2305,21,53,1976-04-17 02:45:46
2306,34,76,1989-12-24 07:55:38
2307,2,21,1992-08-16 14:20:02
2308,90,69,2022-02-14 15:58:58
2309,42,34,2009-03-13 16:00:52
2310,62,25,2011-03-01 12:01:31
2311,57,72,1983-06-04 08:57:13
2312,63,9,1975-01-05 13:39:04
2313,35,31,2021-03-05 18:51:27
2314,91,61,2024-03-28 13:11:55
2315,44,31,1976-05-12 00:23:40
2316,78,41,2002-09-30 08:39:21
2317,17,42,2006-04-26 15:07:04
2318,84,72,1982-12-30 15:53:57
2319,63,17,1993-02-01 21:10:38
2320,27,81,1977-06-28 08:40:46
2321,27,48,2001-01-19 16:37:48
2322,18,60,1987-09-08 19:04:48
2323,89,1,1971-12-20 08:12:52
2324,26,18,1986-07-21 16:14:00
2325,98,78,1992-02-28 16:15:53
2326,84,29,1982-12-22 20:40:41
2327,81,56,1989-10-14 10:29:39
2328,60,64,2021-10-18 01:15:28
2329,53,30,1990-10-13 10:14:03
2330,30,48,1975-08-08 23:34:33
2331,20,99,1974-10-02 03:21:57
2332,49,43,1975-06-23 17:06:46
2333,1,89,1972-02-10 17:29:07
2334,17,96,1995-11-26 22:27:50
2335,36,53,1983-04-28 12:48:16
2336,65,57,1977-04-24 18:20:47
2337,11,82,2006-08-29 00:10:23
2338,20,14,1994-05-04 13:11:34
2339,31,72,2012-09-14 17:18:18
2340,39,45,1983-04-11 05:01:03
2341,86,4,1996-07-13 21:28:26
2342,21,96,1989-04-07 01:08:51
2343,58,88,1981-01-31 14:01:07
2344,53,80,1987-11-29 02:49:02
2345,10,76,2009-01-17 08:25:58
2346,37,16,1978-10-12 15:51:20
2347,21,49,1972-12-28 19:53:41
2348,53,39,2009-07-29 03:58:54
2349,96,12,1997-06-02 18:50:26
2350,40,69,2005-11-24 10:22:43
2351,3,36,1982-06-08 20:52:00
2352,4,99,2004-08-28 13:44:24
2353,1,71,2023-01-19 04:29:01
2354,44,37,2008-10-10 23:29:48
2355,63,61,1971-07-01 05:56:38
2356,10,64,1989-11-02 20:46:26
2357,69,79,2009-07-27 11:44:09
2358,6,35,2003-04-24 00:17:20
2359,56,21,2018-10-23 12:09:19
2360,31,1,2003-11-24 17:14:52
2361,6,43,2014-11-13 10:23:28
2362,56,19,1978-01-15 18:23:27
2363,13,22,2012-07-29 20:55:47
2364,53,17,1973-07-29 22:20:40
2365,52,52,1986-11-06 06:55:46
2366,82,21,1994-09-25 15:07:31
2367,23,10,2013-02-18 20:26:44
2368,7,16,2010-10-12 01:47:37
2369,18,76,1989-12-02 12:05:18
2370,29,69,2022-08-02 12:52:39
2371,23,98,1987-02-23 04:32:01
2372,24,0,1970-02-23 09:58:45
2373,54,13,2008-09-21 11:23:46
2374,68,43,1983-11-20 11:00:45
2375,26,7,2007-04-26 06:32:15
2376,2,36,2013-04-28 19:29:48
2377,90,15,1992-02-09 04:29:23
2378,73,45,1976-05-05 05:25:40
2379,25,41,2024-09-17 03:27:28
2380,73,64,1986-09-03 23:39:58
2381,32,35,1991-04-16 09:27:34
2382,90,59,1970-09-28 07:29:25
2383,72,69,1989-11-26 07:29:53
2384,47,44,2024-09-01 16:10:32
2385,71,31,1973-04-15 19:20:59
2386,97,53,2016-11-03 22:14:05
2387,92,84,2008-05-27 06:26:50
2388,6,16,1989-12-09 10:58:00
2389,96,79,2002-09-02 16:18:18
2390,94,1,2023-06-24 20:37:52
2391,39,69,1975-03-16 11:16:57
2392,14,30,2003-08-15 06:16:42
2393,6,6,2011-12-02 00:43:57
2394,48,24,1991-05-20 04:27:16
2395,53,62,1995-08-08 17:12:01
2396,83,15,2000-07-07 12:51:02
2397,18,71,2007-10-19 07:44:08
2398,68,13,1972-01-17 05:53:00
2399,69,34,2012-10-28 08:01:48
2400,3,62,2020-05-19 08:47:18
2401,12,45,1976-09-07 17:02:23
2402,87,16,1973-11-30 14:26:24
2403,26,4,1982-02-04 03:58:00
2404,8,71,2001-12-17 22:41:34
2405,74,86,2017-11-08 19:25:34
2406,51,58,1982-07-30 04:19:29
2407,41,64,2008-11-19 03:41:37
2408,26,81,2008-10-22 06:29:31
2409,72,26,1999-12-07 20:26:16
2410,56,98,2005-11-04 07:21:12
2411,26,1,1970-05-09 12:55:18
2412,86,71,2023-10-28 12:21:16
2413,80,99,1971-10-31 05:57:03
2414,30,48,1971-05-09 19:10:50
2415,89,93,1978-07-21 18:01:42
2416,4,90,1982-08-05 22:53:34
2417,37,92,1994-09-26 23:52:47
2418,29,7,2002-11-10 19:55:51
2419,43,99,2001-06-13 15:29:07
2420,72,79,1986-03-04 07:13:31
2421,65,92,1992-07-02 00:09:19
2422,40,34,1994-07-10 13:06:03
2423,18,75,1976-09-24 22:42:54
2424,2,56,1973-04-24 10:34:48
2425,42,93,1978-03-09 17:30:54
2426,85,26,1978-10-03 07:49:39
2427,23,77,2009-03-15 23:25:14
2428,96,12,2007-06-12 16:06:06
2429,14,45,1989-05-05 11:32:01
2430,17,72,1988-10-30 17:35:23
2431,90,32,2012-10-21 07:40:25
2432,4,44,1995-11-15 04:33:52
2433,59,40,1980-06-23 17:36:43
2434,22,94,2004-01-17 02:42:59
2435,64,18,1998-10-22 11:12:50
2436,91,25,1986-08-25 00:00:48
2437,11,69,2009-10-07 11:38:03
2438,73,17,2002-03-09 13:35:07
2439,64,87,1988-05-12 05:00:26
2440,11,23,2011-01-08 22:23:47
2441,3,19,1991-03-01 14:32:34
2442,63,30,1982-07-28 10:15:46
2443,87,95,2008-12-05 23:59:59
2444,76,47,2005-07-13 09:56:50
2445,6,30,2006-11-30 14:44:15
2446,55,69,2003-07-08 06:12:24
2447,3,88,2018-06-07 06:25:58
2448,73,1,2015-04-21 23:58:33
2449,88,82,2012-09-15 17:34:00
2450,13,28,1973-08-02 01:27:13
2451,2,46,1984-09-14 01:51:30
2452,6,88,2002-01-31 06:10:43
2453,6,71,2016-10-31 11:53:15
2454,95,31,1987-07-07 17:58:20
2455,93,17,1992-09-01 17:17:07
2456,38,28,1999-12-04 00:50:14
2457,0,1,2008-08-11 20:33:18
2458,74,32,2000-06-13 12:48:18
2459,42,48,1998-03-16 09:26:40
2460,41,32,1972-03-03 08:08:36
2461,13,2,2022-01-02 03:57:04
2462,43,61,2012-08-18 01:38:20
2463,56,23,2013-03-06 17:57:32
2464,31,12,1974-04-26 20:49:37
2465,16,32,1999-02-05 23:22:25
2466,89,1,1977-08-25 15:11:04
2467,64,63,1989-01-29 12:37:10
2468,70,75,2011-10-01 09:33:45
2469,83,39,1984-12-20 23:59:04
2470,94,15,2015-07-04 05:50:44
2471,96,21,2015-04-29 18:06:13
2472,83,16,2012-05-19 09:47:20
2473,89,92,1970-03-27 17:02:07
2474,20,13,2011-04-26 10:11:06
2475,11,82,2014-01-21 07:02:45
2476,73,71,2023-07-04 00:37:31
2477,37,66,2001-11-23 16:28:09
2478,51,1,1979-02-13 15:55:43
2479,29,72,2023-03-11 20:13:09
2480,26,61,1999-02-14 10:12:59
2481,79,72,2023-06-06 17:10:38
2482,54,32,1985-12-23 19:40:44
2483,74,94,2005-10-22 03:39:40
2484,3,82,2021-08-08 03:06:11
2485,51,48,1979-10-29 20:14:39
2486,80,43,1977-11-10 15:46:31
2487,31,9,1984-02-25 07:35:30
2488,46,96,1999-09-23 06:19:25
2489,17,82,1982-03-18 17:31:02
2490,14,10,2002-10-14 12:19:38
2491,6,42,1974-12-04 01:30:10
2492,62,11,1997-07-31 23:04:56
2493,71,13,2017-07-08 23:29:14
2494,28,12,1993-12-06 06:57:45
2495,71,66,1989-03-03 01:06:22
2496,81,53,2015-05-29 01:16:48
2497,38,33,2017-02-07 19:18:35
2498,16,5,1997-10-16 22:46:46
2499,41,14,1992-04-25 09:54:03
